air_temperature_k,process_temperature_k,rotational_speed_rpm,torque_nm,tool_wear_min,machine_failure
300.99,310.86,1597.2,55.23,39.0,0
300.56,311.57,1412.9,34.75,45.9,0
300.48,308.57,1241.3,34.38,153.0,0
299.14,308.4,1394.5,18.6,196.3,0
300.14,308.71,1418.3,41.11,151.9,1
298.8,309.75,1543.7,33.64,110.0,0
299.97,308.92,1623.4,27.79,77.9,0
305.56,316.75,1532.8,48.82,230.5,0
299.77,309.47,1278.2,32.8,207.2,0
297.31,306.43,1330.4,41.34,200.5,0
298.65,309.26,1654.6,49.31,192.8,0
299.59,308.96,1273.8,51.0,15.9,0
297.79,306.59,1621.9,53.56,221.8,0
297.92,307.85,1645.9,47.96,140.3,1
299.93,311.49,1107.0,48.22,6.4,1
297.16,308.2,1635.5,40.19,62.3,0
302.96,312.44,1378.7,34.98,232.4,0
301.0,312.16,1538.6,43.15,46.6,0
300.19,311.16,1394.7,36.72,57.0,0
302.55,312.26,1101.7,43.46,55.5,0
299.31,308.51,1475.8,44.04,129.7,0
298.11,309.52,1497.2,23.26,75.2,0
300.12,312.58,1471.1,43.02,36.2,0
300.68,310.67,1615.1,28.5,190.4,0
301.58,310.67,1710.4,25.98,158.4,0
298.24,308.32,1426.0,49.23,46.6,1
300.2,309.7,1267.4,40.69,161.3,0
301.07,310.16,1593.1,38.39,34.4,0
298.43,308.11,1622.0,27.69,204.3,0
302.73,315.27,1451.3,37.94,224.3,1
300.52,311.3,1314.5,26.8,181.5,1
301.24,312.45,1533.9,48.47,2.3,0
300.59,309.87,1779.9,44.74,163.0,0
301.47,310.51,1387.3,28.7,186.6,1
301.93,312.34,1623.3,58.97,23.4,1
297.26,306.49,1631.8,37.6,157.8,0
300.03,311.48,1460.3,67.2,48.8,0
298.07,309.05,1506.3,38.63,44.3,0
299.55,310.27,1571.0,39.27,240.9,0
299.1,309.87,1656.8,36.58,79.2,0
300.43,309.18,1526.0,43.85,142.5,0
300.46,309.65,1658.6,40.51,185.2,0
302.17,313.22,1293.3,30.62,202.3,0
300.61,310.87,1503.6,48.72,125.4,0
301.14,312.28,1643.1,46.51,222.5,1
297.69,306.19,1524.8,31.44,9.0,0
304.63,312.76,1602.9,23.87,7.6,0
298.21,307.88,1734.1,41.29,54.0,0
298.54,308.76,1506.8,33.48,135.2,1
302.73,313.56,1502.3,44.42,80.7,1
298.68,309.53,1381.1,38.85,6.3,0
298.46,310.12,1449.9,36.82,62.6,0
303.53,313.94,1310.9,49.18,238.7,1
300.75,312.41,1301.0,58.44,61.9,1
302.53,311.83,1566.6,47.75,118.5,1
299.96,309.03,1305.8,38.95,108.5,0
303.26,311.83,1434.0,41.31,93.7,0
300.12,312.47,1560.7,49.1,40.7,0
300.4,309.8,1510.5,36.15,235.1,0
296.21,307.49,1407.7,61.11,136.4,0
299.7,310.28,1542.1,33.77,17.8,0
301.77,311.31,1406.7,36.45,174.2,0
301.8,312.11,1621.9,46.3,70.5,0
301.1,310.39,1231.8,27.79,194.1,0
301.09,310.89,1467.3,50.99,187.7,0
299.18,309.45,1501.8,49.31,206.6,0
301.36,311.05,1548.6,38.7,237.7,0
303.82,314.89,1231.2,35.53,82.2,0
302.32,313.11,1593.6,46.28,22.8,0
298.6,308.59,1186.5,57.7,221.9,0
298.35,308.03,1561.9,34.36,154.6,1
299.13,309.34,1583.9,48.73,20.3,1
297.1,305.7,1392.2,37.87,194.3,0
295.93,307.5,1454.7,39.95,117.2,1
300.65,309.82,1577.9,55.33,240.5,1
297.11,306.26,1448.5,44.58,240.8,1
300.45,310.46,1514.7,32.27,242.3,0
304.55,314.96,1435.2,58.6,156.9,0
301.74,311.93,1828.5,31.92,69.3,0
299.68,308.33,1654.9,21.9,19.4,0
300.68,312.56,1642.6,34.23,171.2,0
301.48,312.96,1605.0,38.68,216.5,0
302.36,311.89,1243.0,53.54,242.5,1
300.55,310.83,1132.2,30.99,68.4,1
300.01,310.06,1432.5,46.23,112.6,0
297.26,307.8,1659.1,55.41,89.5,0
300.66,309.92,1732.7,41.16,130.0,0
300.34,311.49,1654.0,41.66,100.9,0
301.29,312.66,1355.3,46.86,34.1,0
296.54,307.98,1632.9,38.63,87.1,0
303.0,313.08,1744.3,26.2,215.6,1
299.97,310.77,1457.8,23.35,245.0,0
295.87,305.78,1304.3,46.7,19.0,0
297.8,308.29,1612.1,37.09,118.5,0
298.03,308.53,1420.5,32.07,44.3,0
297.13,306.94,1508.6,17.17,172.6,0
298.6,308.81,1483.2,37.79,201.6,0
298.53,309.11,1417.9,27.72,121.1,1
296.97,308.34,1746.7,37.51,9.2,0
301.7,310.71,1504.3,49.69,133.0,0
299.74,308.79,1259.0,42.03,67.3,1
299.63,309.58,1340.8,33.46,81.9,1
303.37,314.26,1498.8,54.8,21.7,0
304.75,315.76,1433.9,55.82,31.9,0
298.25,306.87,1638.9,59.09,89.0,1
300.06,310.18,1445.8,37.62,38.2,0
298.7,308.21,1411.1,31.36,43.3,1
294.99,305.68,1558.5,39.15,216.4,1
298.85,309.6,1575.1,30.22,232.3,0
304.09,315.71,1640.0,32.38,46.8,0
298.47,306.67,1255.9,40.48,28.7,1
296.95,307.75,1329.1,42.68,120.3,0
298.7,308.74,1370.9,36.15,15.8,0
298.8,309.56,1665.9,47.72,148.9,0
295.06,304.26,1586.6,37.97,207.7,0
300.34,310.43,1573.2,55.8,210.5,1
300.68,310.26,1426.9,35.67,41.1,1
301.09,312.12,1168.8,43.61,219.3,0
302.4,311.99,1194.3,29.92,115.7,0
302.1,311.26,1263.0,40.16,224.9,0
301.66,309.45,1535.3,47.71,29.2,0
300.33,310.9,1368.8,36.0,198.5,0
301.27,313.54,1527.3,42.48,37.9,0
297.82,307.0,1726.5,44.02,219.2,1
302.08,311.57,1459.5,30.21,199.3,0
299.15,308.59,1644.6,49.74,160.3,0
300.83,312.7,1383.9,27.55,45.4,0
300.34,311.18,1366.4,16.75,236.8,0
300.56,309.43,1866.9,41.29,4.5,0
303.56,314.15,1532.5,44.42,38.1,0
303.76,315.11,1739.0,34.89,233.6,1
299.82,310.6,1880.8,45.24,99.8,0
299.68,309.26,1348.2,23.45,134.3,0
299.54,310.17,1690.5,31.82,113.1,0
299.48,307.98,1463.1,37.27,124.6,0
301.61,311.45,1662.1,21.55,158.1,1
299.46,308.36,1886.0,40.59,16.8,0
298.43,309.11,1482.8,41.55,47.7,0
299.93,309.39,1393.1,41.06,193.9,0
302.78,310.12,1188.2,27.59,139.9,1
299.31,308.94,1288.9,32.22,161.0,1
299.28,309.21,1572.8,32.27,164.7,1
301.44,310.31,1421.3,44.89,163.2,0
299.3,309.07,1622.1,30.6,213.9,0
299.28,310.44,1337.8,46.16,73.3,0
296.66,308.43,1313.8,31.84,94.9,0
296.89,307.49,1307.9,57.55,138.0,1
296.49,305.95,1645.8,39.69,200.0,0
299.27,309.22,1546.2,22.9,158.4,0
298.75,308.34,1306.7,41.01,68.1,1
300.39,309.41,1561.2,22.97,162.9,0
299.06,309.59,1743.1,55.7,166.3,0
296.32,305.04,1406.3,40.26,41.6,0
299.3,309.5,1284.8,45.81,97.3,0
298.15,306.8,1353.6,50.54,141.6,0
304.16,313.86,1514.3,41.79,53.7,0
298.85,308.97,1884.0,39.04,83.6,1
299.3,309.54,1527.0,36.65,123.9,1
298.75,310.56,1606.2,34.38,199.9,1
297.82,308.75,1235.6,51.44,22.9,0
299.85,310.47,1526.7,26.65,218.2,0
301.63,312.25,1692.9,50.62,212.3,0
299.86,308.2,1564.4,42.08,45.1,0
301.64,311.77,1567.0,37.87,242.8,1
299.92,310.6,1504.2,40.3,79.8,0
297.19,307.69,1343.6,52.78,181.2,1
299.63,309.19,1717.0,41.97,79.7,0
301.74,312.02,1297.6,45.86,6.1,0
300.16,311.23,1422.4,54.09,120.0,0
301.84,312.15,1247.7,22.41,184.4,0
299.16,308.88,1298.3,30.81,74.1,1
296.13,304.93,1339.4,46.83,237.5,0
301.97,311.75,1492.6,46.75,153.4,0
302.33,313.96,1264.5,40.74,44.1,1
298.75,308.2,1404.4,51.89,14.5,1
299.25,308.08,1619.4,50.49,38.5,0
298.9,309.53,1530.4,24.84,148.2,0
298.32,308.48,1445.6,45.84,32.4,0
300.57,310.91,1598.8,60.1,21.7,0
296.5,305.25,1632.6,30.49,124.0,0
298.96,309.19,1497.5,51.88,120.1,1
302.41,312.75,1698.6,28.68,141.4,1
301.17,310.81,1588.6,51.09,212.6,0
300.81,311.53,1575.4,48.57,170.0,1
302.76,313.41,1474.9,41.47,83.8,0
298.62,309.12,1562.7,44.0,126.9,0
300.38,310.43,1296.0,47.46,158.5,1
302.99,313.2,1540.0,35.99,135.3,1
299.81,310.09,1591.2,41.87,25.6,1
300.35,310.76,1472.0,35.95,177.0,0
300.27,309.57,1679.3,24.77,11.4,0
300.73,310.21,1480.3,19.65,192.6,0
298.89,310.77,1282.8,18.01,40.9,0
301.3,312.28,1668.3,53.11,68.3,0
301.3,311.2,1777.0,29.3,99.4,0
301.8,311.59,1393.4,33.31,7.8,0
297.5,308.94,1487.7,51.17,242.0,0
300.54,310.31,1606.2,47.23,211.2,1
301.29,312.61,1529.5,47.09,199.1,0
297.94,307.89,1556.2,32.43,107.6,0
299.92,308.49,1519.2,33.19,67.2,0
298.73,309.73,1458.5,39.75,18.1,0
299.1,306.67,1262.4,47.6,173.7,0
300.74,311.22,1496.4,34.29,26.2,1
299.99,308.83,1725.5,48.77,139.9,1
298.25,308.29,1459.6,39.14,19.6,0
298.0,307.72,1769.7,46.41,200.1,0
299.01,308.57,1541.3,32.01,176.6,1
300.12,309.47,1604.7,43.93,178.5,0
298.84,309.93,1517.2,49.5,204.3,0
304.15,313.46,1760.4,41.98,20.4,0
297.94,307.41,1592.8,51.29,124.5,0
303.46,313.89,1505.7,41.2,49.9,0
299.0,309.21,1663.7,38.89,181.8,0
299.03,310.61,1316.1,25.36,246.9,1
296.88,308.88,1484.2,57.81,218.4,0
299.65,310.54,1597.8,24.24,228.1,1
301.07,309.81,1706.5,47.77,32.9,0
300.99,311.25,1417.5,33.28,242.8,0
300.65,310.36,1252.4,39.5,217.7,0
301.54,308.69,1672.3,22.6,40.9,0
300.75,310.66,1621.1,27.54,81.3,0
299.06,309.41,1493.0,44.77,59.0,1
295.81,306.06,1461.1,52.34,62.2,0
303.0,313.85,1447.7,36.51,9.2,0
301.69,312.92,1682.2,39.1,201.4,0
302.06,312.3,1461.1,38.04,67.4,0
300.1,309.41,1480.4,29.65,233.5,0
300.16,308.16,1637.4,43.46,113.7,0
295.8,308.74,1369.3,44.03,7.5,1
302.22,311.18,1591.9,29.47,242.5,0
300.55,309.9,1661.0,38.36,44.3,0
301.74,312.24,1522.6,43.65,124.3,0
301.93,312.23,1432.7,40.67,232.7,0
302.21,313.4,1595.8,28.57,98.5,0
298.46,308.75,1650.8,37.48,195.6,1
303.23,313.68,1463.4,49.64,81.8,0
302.09,312.66,1608.2,46.35,108.9,0
299.7,309.83,1474.0,40.16,81.1,0
297.44,305.8,1367.2,55.53,112.2,0
298.72,307.4,1746.3,50.1,154.9,0
295.5,304.82,1508.9,51.26,119.8,1
297.22,305.58,1653.4,64.4,152.0,0
301.36,311.94,1462.1,43.92,231.8,0
298.49,308.21,1246.1,39.02,71.2,1
301.94,311.32,1213.2,43.97,152.6,1
298.02,308.96,1352.6,37.75,45.3,0
298.06,308.61,1777.0,42.22,26.7,0
296.81,307.25,1497.1,45.52,201.5,0
298.84,308.91,1570.8,41.39,150.4,0
300.1,310.14,1394.7,33.37,152.7,0
302.3,312.0,1458.7,47.51,59.2,0
298.56,309.46,1455.8,52.48,166.9,0
300.48,309.7,1833.4,27.62,42.0,0
301.27,311.68,1472.2,38.7,5.9,0
302.45,314.07,1269.5,42.68,97.7,0
299.82,312.4,1379.4,56.39,107.0,0
301.95,313.06,1545.4,34.66,144.6,0
299.24,309.04,1412.7,29.85,56.7,0
298.83,308.63,1386.1,40.33,200.1,1
300.47,308.91,1549.6,48.34,133.2,1
297.65,306.42,1604.2,59.47,182.7,0
298.59,308.53,1583.7,40.76,43.8,0
298.02,308.65,1362.8,40.81,112.6,0
298.53,309.77,1663.7,46.09,231.8,0
298.93,307.53,1510.9,47.8,210.5,0
304.64,315.03,1528.8,36.91,31.9,0
301.01,311.59,1339.4,31.1,90.0,1
296.33,306.84,1334.5,18.47,150.1,0
301.67,311.7,1537.7,39.98,212.9,0
300.16,310.06,1637.9,37.1,217.0,0
301.14,311.74,1423.9,37.64,100.7,0
301.07,310.17,1504.2,39.91,160.2,1
299.55,309.75,1869.7,37.0,191.2,0
300.02,308.71,1340.2,36.95,91.9,0
301.02,311.07,1229.6,33.53,126.5,0
298.12,307.98,1318.5,46.0,154.9,0
298.07,308.48,1396.7,39.37,248.7,1
300.3,309.96,1408.0,36.98,173.0,0
300.03,309.3,1269.9,49.12,156.0,1
294.89,305.83,1295.0,37.75,91.9,1
302.42,312.1,1631.8,47.62,2.8,0
298.85,306.26,1418.1,43.92,133.8,0
298.01,307.98,1206.0,60.61,211.1,1
299.95,309.01,1433.5,31.15,184.3,0
295.39,304.95,1368.8,17.24,196.3,1
298.66,309.7,1409.2,58.26,63.7,1
299.82,310.74,1711.6,52.14,223.8,1
302.6,314.16,1504.8,32.47,37.5,0
300.18,311.9,1465.7,40.9,21.2,0
299.27,309.45,1297.9,30.28,87.4,0
301.36,312.52,1432.3,35.64,24.6,0
302.37,313.09,1649.4,32.43,156.2,0
297.49,306.99,1542.2,30.74,193.7,0
300.91,313.08,1403.5,49.28,245.0,0
302.91,314.71,1611.9,45.93,164.1,1
299.27,308.43,1343.3,20.34,109.9,0
301.16,311.31,1427.4,36.69,49.4,0
300.61,311.43,1629.1,34.17,215.3,0
301.68,310.86,1682.1,38.6,182.1,0
301.33,312.5,1527.2,27.03,246.2,1
299.81,309.73,1621.9,45.78,53.4,0
302.48,312.5,1546.3,57.02,147.6,0
296.2,306.28,1771.7,46.24,218.3,0
302.58,313.25,1479.2,27.76,2.3,0
301.66,310.73,1693.2,35.77,51.0,0
303.34,313.73,1320.6,44.45,88.8,1
300.56,312.01,1282.5,28.94,37.2,0
301.44,311.07,1759.0,36.0,221.5,0
296.6,308.06,1752.2,32.49,0.8,1
296.95,308.21,1417.2,65.58,160.6,0
300.25,309.56,1779.2,58.87,150.9,0
302.05,312.64,1616.8,34.49,124.6,0
302.23,311.58,1642.2,46.82,129.3,1
297.72,307.52,1392.5,21.33,22.2,0
300.96,309.59,1528.5,45.77,105.3,0
302.44,313.02,1466.0,30.41,210.0,1
302.4,310.46,1312.0,43.49,90.6,1
300.28,308.51,1548.5,38.52,64.8,1
302.07,311.87,1444.7,44.02,200.7,0
297.66,304.79,1495.9,57.72,109.2,0
301.8,312.58,1553.2,29.02,33.8,0
301.53,312.76,1485.0,37.96,65.4,0
300.71,310.49,1374.0,30.77,189.8,1
302.99,312.71,1496.8,32.53,8.4,0
300.2,309.07,1235.6,29.73,225.0,1
300.13,310.65,1265.6,34.71,182.7,0
297.78,308.35,1300.0,64.15,243.0,1
296.77,307.93,1389.8,31.9,212.7,0
302.04,314.7,1455.7,41.52,177.0,1
298.34,308.43,1339.2,10.79,41.4,0
299.1,311.11,1765.5,29.66,136.4,0
300.04,309.31,1472.6,53.75,13.0,0
298.74,309.35,1393.6,34.9,82.6,0
300.25,311.87,1548.5,37.48,219.9,1
299.28,309.79,1547.6,39.68,193.0,1
301.77,311.69,1472.9,71.93,26.4,1
302.08,312.58,1696.4,34.32,241.1,1
300.23,308.79,1637.9,33.32,144.4,0
302.38,312.91,1614.8,38.08,133.3,0
300.97,310.12,1403.5,50.3,214.3,1
299.47,309.95,1418.0,34.84,223.5,0
298.09,308.51,1809.4,29.32,20.9,0
300.38,310.62,1578.2,40.06,104.4,0
297.88,308.3,1471.9,49.86,40.6,0
300.07,309.8,1768.9,42.24,222.6,0
300.39,310.04,1550.8,37.05,204.8,0
303.62,313.97,1454.5,20.45,205.4,0
295.76,305.15,1694.5,39.77,83.8,0
301.09,310.25,1415.2,35.89,87.0,1
303.23,312.91,1682.6,55.21,88.1,0
299.79,311.02,1505.7,41.36,31.6,0
297.64,308.83,1430.3,42.01,43.7,0
299.2,309.72,1423.6,47.78,160.7,0
300.25,312.19,1350.0,33.22,8.3,0
302.06,310.74,1608.5,46.67,166.2,0
300.82,310.58,1600.9,59.0,27.7,1
296.59,304.31,1521.1,51.01,95.1,0
298.93,308.84,1549.8,41.9,70.0,0
299.13,309.88,1529.4,43.17,201.2,0
298.13,309.22,1419.6,48.08,218.2,1
300.68,310.03,1363.4,40.92,60.5,0
299.96,309.66,1620.0,23.84,74.3,0
302.1,311.24,1564.2,48.99,148.3,1
299.79,309.62,1510.5,51.62,15.9,0
300.7,311.86,1539.8,46.42,207.3,1
300.38,311.38,1094.5,46.78,79.2,1
302.95,312.6,1632.9,42.3,110.8,0
303.22,314.54,1746.0,47.42,59.4,0
298.07,308.1,1461.5,15.97,163.1,0
300.25,310.8,1506.5,56.95,158.5,0
299.79,309.6,1434.1,17.92,11.4,0
299.14,308.45,1289.1,39.17,152.7,0
298.21,307.54,1469.3,40.07,1.9,0
299.38,308.63,1547.9,53.4,128.2,1
300.75,310.57,1383.1,38.06,154.3,0
299.36,308.57,1661.4,40.21,123.4,0
299.2,308.55,1293.3,21.42,102.8,0
300.53,311.04,1262.8,48.95,205.9,0
300.29,309.67,1393.8,43.43,96.0,1
295.7,304.98,1468.3,30.13,187.8,0
301.02,310.86,1684.0,51.57,90.5,1
299.8,309.82,1606.2,42.33,153.1,0
300.76,311.4,1508.8,32.55,35.5,0
299.93,309.73,1480.7,21.18,144.3,0
296.08,306.81,1628.3,52.87,211.4,1
298.71,310.48,1321.0,49.19,76.6,0
299.47,310.9,1579.2,44.89,214.4,0
299.73,310.54,1619.0,22.51,92.8,0
303.17,313.95,1352.0,54.82,41.7,1
297.79,307.57,1453.8,47.8,38.6,0
300.1,309.94,1288.1,52.13,17.9,0
296.63,305.83,1644.7,56.16,91.1,0
303.78,313.32,1493.1,28.53,6.9,0
301.09,311.1,1434.5,38.9,7.7,0
297.8,307.44,1229.4,36.45,225.0,1
301.39,311.06,1676.0,43.7,246.0,1
296.92,305.43,1579.3,19.61,38.5,0
303.47,315.7,1595.7,45.01,110.1,1
297.87,307.0,1310.8,31.35,241.6,1
296.04,306.79,1339.1,42.39,111.0,0
299.59,311.92,1543.8,48.99,142.3,0
297.54,308.04,1430.2,38.94,118.9,0
296.95,307.19,1539.9,57.69,217.5,0
300.62,310.22,1540.4,36.57,68.9,0
299.75,308.58,1498.0,43.91,215.9,1
296.45,307.72,1364.1,33.46,190.4,1
300.48,308.06,1907.4,37.3,216.4,0
299.89,310.18,1578.2,46.45,143.4,1
302.33,312.13,1479.7,50.04,127.6,0
301.31,311.51,1497.2,36.11,171.9,0
301.9,313.01,1438.5,32.53,89.7,0
298.75,309.61,1643.0,45.13,73.7,0
301.03,311.75,1563.2,34.06,192.2,0
302.38,313.09,1552.7,50.7,22.2,1
298.36,308.34,1254.0,23.67,16.5,1
298.42,308.11,1216.0,42.13,19.2,0
302.91,312.91,1473.1,40.83,18.2,0
296.78,306.02,1384.6,30.6,200.9,1
299.69,310.39,1458.2,46.33,119.1,0
301.27,310.03,1509.0,42.77,89.5,0
298.29,308.63,1501.2,50.04,112.3,0
303.6,314.84,1531.4,35.08,60.5,0
301.69,312.25,1535.5,53.7,130.0,0
300.78,310.28,1496.2,22.31,71.1,0
300.67,309.72,1406.1,40.15,69.0,0
299.34,309.5,1623.8,31.33,79.1,0
299.45,308.68,1609.3,35.12,78.3,1
300.53,310.72,1627.6,38.63,94.3,0
299.87,311.85,1735.3,26.72,176.0,1
301.93,313.17,1513.3,41.97,74.5,0
300.41,310.12,1434.3,41.4,90.0,1
300.0,310.6,1283.4,17.04,52.2,0
297.19,305.77,1685.3,36.8,212.6,0
301.24,310.11,1655.9,39.24,53.9,0
301.94,313.54,1388.7,35.82,162.9,1
298.26,309.39,1321.6,56.43,178.3,1
300.38,310.24,1368.2,25.87,14.5,0
300.08,309.08,1611.1,34.87,3.7,0
296.95,305.82,1467.3,13.61,101.1,0
304.83,315.61,1497.1,37.37,240.9,1
304.04,314.25,1658.0,32.77,193.2,0
300.88,310.9,1600.9,45.92,30.1,0
301.96,311.22,1175.8,42.56,92.9,0
300.33,310.38,1526.0,42.44,195.1,1
295.45,304.52,1440.6,38.2,57.1,0
299.79,308.15,1473.6,56.61,14.5,0
301.07,311.13,1469.1,33.5,56.3,0
299.25,308.93,1692.2,45.58,144.6,1
300.65,310.28,1305.3,55.78,168.5,0
298.38,307.12,1464.9,44.66,117.5,1
300.66,311.28,1336.6,38.44,239.5,1
296.78,306.97,1803.5,40.07,19.1,0
301.68,311.07,1828.1,21.06,108.2,0
297.15,306.89,1435.6,45.89,240.2,1
300.1,310.43,1436.4,23.83,148.4,0
300.38,309.72,1563.9,40.19,189.3,1
299.83,308.59,1355.8,48.31,160.2,0
298.09,308.56,1722.6,43.56,124.7,1
301.24,311.03,1594.3,27.31,55.5,0
301.76,311.31,1429.5,42.66,107.2,0
299.96,309.47,1380.6,43.39,72.2,1
301.49,311.31,1402.6,53.21,98.1,0
300.5,310.65,1515.1,45.88,89.3,0
298.63,309.42,1204.5,48.93,164.2,1
298.58,307.98,1271.1,40.33,9.7,0
299.19,309.87,1515.9,45.84,109.2,0
301.1,313.73,1379.2,49.58,88.3,0
299.62,310.54,1480.9,55.11,124.4,0
300.82,309.49,1417.4,29.74,213.8,1
294.79,304.99,1565.5,44.04,83.0,1
302.07,312.81,1357.2,44.23,219.0,0
296.44,306.76,1424.4,39.18,32.0,0
301.38,308.82,1390.3,29.77,76.0,0
301.36,310.21,1599.9,44.63,105.7,0
297.88,306.68,1629.5,45.8,45.4,1
301.57,311.32,1410.4,54.22,147.7,0
298.8,309.03,1770.3,43.83,41.8,0
300.84,312.24,1597.6,24.97,74.1,0
301.94,312.74,1505.0,30.44,127.2,0
301.21,311.03,1580.2,48.88,178.6,1
301.63,311.56,1663.1,49.24,215.4,1
301.68,311.06,1416.3,29.0,83.9,0
302.12,313.05,1595.0,40.88,124.1,1
297.82,307.43,1604.3,48.49,96.1,0
299.88,310.33,1616.1,29.99,204.3,0
301.0,311.05,1501.1,33.4,179.6,0
299.52,309.79,1536.5,53.87,99.1,1
299.04,308.18,1604.0,36.08,168.2,1
298.7,309.47,1666.7,59.35,208.2,0
299.26,309.4,1233.6,44.09,76.7,1
302.5,310.98,1682.7,31.32,101.1,0
298.93,307.22,1332.5,52.36,14.1,0
301.08,310.93,1708.1,51.47,158.1,0
299.28,307.95,1438.0,42.6,69.5,0
298.99,307.32,1300.8,40.77,242.7,0
299.54,308.61,1633.5,50.35,105.7,0
297.78,306.12,1375.7,33.37,120.8,0
298.16,307.15,1531.1,40.69,150.9,0
299.83,310.02,1529.6,31.87,155.9,0
297.4,308.23,1621.7,28.52,176.7,0
296.85,307.78,1598.3,24.63,216.5,1
301.1,311.44,1558.6,26.74,175.3,0
298.27,309.97,1506.6,37.44,63.3,0
301.14,311.08,1668.7,36.66,47.1,0
298.27,308.13,1547.5,41.9,108.5,0
299.13,307.52,1762.4,53.81,159.4,1
301.62,310.64,1553.9,45.68,3.4,0
298.43,307.74,1362.6,31.68,15.6,0
303.41,313.11,1742.2,49.97,20.3,1
301.0,311.47,1511.4,47.43,50.1,0
302.83,313.52,1523.2,57.12,17.1,1
301.37,311.16,1660.9,63.64,67.2,0
301.62,311.35,1666.0,46.41,113.6,0
297.32,308.02,1409.1,57.19,110.6,0
301.08,311.26,1428.1,22.26,5.5,0
300.05,308.13,1497.9,33.1,231.8,1
300.5,310.13,1762.4,29.82,65.1,0
299.44,309.16,1618.6,43.4,203.5,0
298.61,308.94,1348.8,28.83,62.5,1
305.9,317.14,1297.3,26.78,207.1,0
298.66,309.67,1328.2,26.37,126.4,1
299.54,308.69,1526.3,69.85,48.5,0
300.84,311.68,1526.2,41.65,187.1,0
304.11,312.98,1571.0,30.74,44.8,0
297.93,308.67,1516.8,57.45,40.3,1
298.58,307.32,1467.4,36.92,129.8,0
297.16,307.76,1478.1,34.07,58.6,0
302.04,314.13,1262.1,21.2,135.2,1
302.17,313.23,1500.1,27.03,103.0,0
300.66,311.58,1347.9,40.86,151.4,1
299.33,308.54,1565.0,31.94,51.6,1
301.72,311.48,1505.7,25.51,104.8,1
299.91,309.14,1804.3,49.58,172.2,1
300.56,312.32,1555.8,43.89,210.8,0
295.83,305.64,1464.2,54.3,45.9,0
298.4,308.34,1685.6,35.43,225.4,1
299.45,310.39,1574.4,40.44,16.6,0
298.79,309.0,1680.0,35.08,108.4,0
297.84,307.16,1311.9,25.29,17.2,0
298.79,306.58,1634.6,52.75,177.2,0
299.58,311.69,1540.3,55.13,16.6,0
300.91,312.37,1605.7,47.89,200.8,0
297.71,307.77,1661.1,55.26,185.6,1
299.11,308.63,1544.5,44.63,227.1,0
301.08,312.52,1617.6,43.11,144.7,1
297.93,308.33,1771.4,37.82,67.7,0
298.74,307.73,1386.3,33.13,106.2,0
300.03,310.93,1363.8,55.19,205.5,1
302.22,312.81,1639.0,29.01,66.0,0
300.34,310.9,1323.7,31.05,47.7,0
297.97,308.67,1271.1,46.18,165.5,1
301.1,311.73,1395.5,45.82,22.1,1
298.1,309.54,1431.0,39.34,64.9,0
300.7,309.13,1514.3,37.37,80.8,0
301.34,311.05,1429.6,46.45,144.2,0
301.51,312.13,1347.5,37.56,5.6,0
302.43,311.83,1228.2,46.41,163.6,1
301.24,312.57,1558.0,50.91,140.8,0
301.93,312.26,1745.1,57.55,247.7,0
299.3,310.86,1377.2,55.32,57.2,0
301.41,311.57,1469.0,45.6,131.9,0
301.25,312.14,1411.1,41.24,113.7,0
302.38,313.55,1583.7,38.4,41.8,0
303.93,313.93,1651.7,53.41,68.8,0
300.81,309.79,1319.1,43.73,176.3,1
303.97,313.44,1449.7,43.42,4.8,0
301.05,312.38,1627.0,45.0,200.7,0
300.09,310.65,1120.6,37.03,38.4,0
296.69,307.23,1522.7,47.65,148.2,0
299.07,308.92,1488.9,35.48,21.1,0
301.86,312.12,1549.8,47.99,52.8,0
301.26,310.45,1634.3,33.68,249.3,0
300.58,310.65,1678.9,38.8,15.6,0
298.97,308.77,1469.1,32.53,17.8,0
298.68,307.98,1240.5,37.69,25.2,0
299.49,309.25,1490.7,44.79,69.6,1
298.77,309.83,1347.8,32.39,32.4,0
298.46,307.16,1431.6,41.81,52.6,0
299.24,309.57,1632.2,36.2,38.7,0
299.94,309.09,1586.0,22.14,201.0,0
300.47,309.41,1325.1,40.18,156.0,0
299.81,308.03,1487.9,31.67,76.6,0
297.63,305.31,1581.3,56.41,166.8,1
300.96,311.33,1559.1,20.72,210.0,0
297.63,307.13,1755.4,39.25,123.1,0
302.49,312.43,1642.7,36.33,101.7,0
298.95,306.98,1426.3,43.45,49.1,0
303.81,315.43,1832.8,38.41,57.5,0
295.81,306.67,1366.2,44.02,142.7,0
298.82,307.99,1408.8,34.61,206.4,0
300.76,310.57,1510.1,44.45,35.8,0
302.44,311.92,1392.3,37.69,139.2,0
300.8,311.27,1578.0,30.22,55.1,0
300.82,310.51,1374.2,31.13,0.2,0
300.59,310.97,1703.1,46.89,38.0,0
295.83,305.24,1495.3,30.9,230.2,0
298.69,307.95,1489.6,48.9,116.6,0
298.79,309.24,1087.9,35.0,149.2,1
302.34,311.98,1410.1,28.9,127.6,0
301.54,311.75,1576.2,79.26,12.6,0
300.11,309.6,1679.9,37.81,40.2,1
299.91,309.48,1414.5,43.3,152.1,0
298.37,307.82,1683.2,35.13,98.0,0
298.93,309.29,1390.4,47.58,169.3,1
301.49,311.6,1404.0,38.34,4.8,0
300.2,311.49,1392.2,47.45,86.3,0
301.01,311.21,1604.3,25.38,169.6,1
301.74,311.28,1366.6,49.55,70.4,0
301.98,313.02,1336.8,27.21,19.7,0
296.72,306.33,1649.5,35.34,233.9,0
299.06,307.91,1335.7,42.98,242.0,0
300.17,307.18,1472.0,23.7,165.5,0
301.65,312.47,1629.8,41.67,204.4,0
298.1,309.85,1639.8,37.63,223.9,1
299.46,310.05,1334.3,49.24,47.7,1
298.94,307.89,1683.5,37.41,30.0,0
300.46,312.17,1490.6,21.49,75.0,1
297.26,309.25,1636.7,41.06,86.0,0
301.7,312.96,1786.4,48.1,224.6,1
296.69,305.73,1481.6,40.93,144.2,0
297.94,307.85,1522.3,33.21,184.7,0
300.14,309.93,1357.2,40.77,43.1,0
296.51,307.09,1490.1,44.51,86.9,0
299.17,311.06,1583.5,26.65,63.2,0
296.27,307.3,1564.4,44.33,119.3,0
297.43,306.03,1412.5,50.38,52.3,0
299.86,309.01,1685.1,39.35,55.3,0
302.4,311.94,1438.3,51.54,114.8,0
300.82,310.63,1550.4,59.57,8.2,0
295.02,304.37,1568.0,30.18,242.8,0
303.45,313.95,1479.8,32.93,29.1,1
301.22,311.38,1412.0,42.24,88.7,1
295.63,306.77,1560.5,44.28,153.0,0
297.26,306.55,1456.7,32.16,103.3,0
302.31,313.6,1475.2,33.21,45.4,0
300.63,310.3,1486.0,34.71,42.1,0
300.31,311.32,1502.1,24.24,182.9,1
300.45,311.14,1309.6,57.03,188.1,0
303.98,314.33,1744.0,34.97,206.1,1
300.47,310.22,1680.1,41.4,107.8,0
301.46,311.25,1598.2,35.27,121.0,1
296.1,306.24,1227.3,47.6,9.8,0
303.02,312.32,1696.2,28.21,201.4,0
299.74,310.32,1394.0,48.56,247.6,1
300.15,309.81,1692.4,50.88,30.1,0
297.41,307.99,1567.6,21.3,104.3,0
299.34,309.01,1724.4,35.24,224.5,0
299.61,308.86,1657.3,56.55,40.8,0
299.25,308.75,1410.9,38.94,9.8,0
296.18,307.5,1510.9,35.89,2.8,0
298.65,309.65,1514.5,34.96,99.4,1
300.08,310.53,1642.7,29.79,67.9,0
299.52,310.3,1405.5,40.7,106.5,1
300.86,311.33,1393.9,32.88,204.3,1
296.03,305.42,1601.6,32.25,12.8,0
294.19,303.81,1344.2,23.69,132.5,0
300.5,309.32,1591.3,47.14,38.5,0
299.08,308.39,1326.8,22.48,169.9,1
303.14,312.28,1578.8,28.62,65.0,0
298.0,307.24,1280.0,34.99,168.1,0
301.03,312.01,1443.7,51.82,39.1,0
298.44,309.77,1320.5,48.94,20.3,0
301.21,312.33,1657.9,42.24,72.4,0
304.56,313.95,1269.7,21.2,82.6,0
302.29,312.5,1639.2,45.43,139.0,0
298.1,307.42,1384.1,48.3,216.4,0
299.09,309.99,1635.2,56.88,150.8,0
301.47,313.25,1251.5,34.76,192.1,1
301.46,310.42,1592.8,26.84,186.8,1
300.57,309.58,1373.0,52.5,119.6,0
299.58,310.12,1452.5,39.77,20.4,0
297.86,309.77,1307.9,41.89,74.0,0
300.44,310.52,1743.3,59.51,125.1,1
296.66,307.72,1474.1,47.72,35.8,0
298.0,309.04,1785.2,42.45,225.1,1
301.28,312.34,1555.1,41.48,74.0,0
301.31,310.17,1681.9,57.35,4.1,1
298.19,309.36,1599.8,59.41,85.7,0
298.48,308.77,1730.3,33.43,195.0,1
298.17,309.52,1675.5,41.34,239.4,1
301.22,313.98,1514.9,31.58,95.0,1
296.88,308.38,1450.5,37.88,78.7,0
299.94,310.21,1660.3,40.91,248.9,0
302.55,312.89,1318.9,29.25,100.7,1
302.41,313.55,1381.2,36.01,158.1,0
300.43,309.41,1665.1,50.61,188.4,1
300.0,311.08,1611.8,54.39,46.7,0
304.17,313.16,1445.8,44.16,31.4,1
305.11,314.47,1372.0,40.85,14.3,0
300.39,309.49,1267.7,42.58,159.4,0
303.94,313.92,1374.3,29.21,153.4,0
303.18,313.75,1709.9,26.58,116.5,0
301.2,310.28,1196.2,48.09,227.8,0
297.95,309.18,1355.3,56.28,189.1,1
295.49,304.31,1532.7,30.21,242.3,0
298.81,308.65,1511.8,18.71,40.5,0
295.87,305.18,1360.8,37.61,220.8,0
296.41,305.06,1393.6,59.53,162.1,1
300.35,310.86,1866.7,34.58,145.4,0
296.63,305.61,1458.0,30.35,40.7,0
298.32,309.0,1512.1,33.19,148.8,0
300.43,311.45,1665.9,34.36,135.1,0
300.25,309.46,1469.4,48.04,74.1,0
299.85,309.78,1795.9,26.14,20.2,0
302.4,312.72,1493.1,31.69,157.5,0
300.98,311.55,1529.3,39.01,31.1,0
301.12,310.31,1484.8,35.07,129.1,0
301.36,311.49,1466.6,60.47,202.4,0
298.82,309.66,1473.8,29.3,161.0,1
298.9,308.75,1626.1,42.08,95.8,0
299.41,307.96,1548.9,52.08,88.3,0
300.51,311.89,1566.6,51.01,196.1,1
296.96,308.7,1507.8,45.77,151.3,0
301.15,309.87,1306.8,42.93,14.9,0
302.8,313.36,1268.3,41.32,166.6,1
299.78,308.97,1441.8,35.86,50.6,0
298.92,308.79,1542.9,15.02,120.8,0
302.18,311.8,1502.8,28.28,15.5,0
300.25,309.52,1652.0,41.77,139.5,0
300.35,309.01,1438.2,41.32,236.5,0
299.02,309.84,1254.4,41.2,89.5,1
301.96,309.85,1673.0,53.86,102.7,1
294.72,304.39,1516.6,45.07,182.2,0
298.15,306.55,1450.9,37.87,44.8,0
301.24,312.28,1289.4,66.45,230.6,1
299.63,309.28,1677.1,33.73,248.1,1
301.01,310.66,1425.6,45.96,99.8,0
300.65,310.58,1575.0,34.66,83.5,0
298.89,310.49,1680.2,42.83,201.0,0
298.41,308.83,1691.9,17.83,100.7,0
300.31,310.32,1559.8,31.72,99.0,0
298.84,307.66,1470.3,60.68,104.6,0
302.29,310.55,1323.0,42.64,117.9,0
304.19,315.79,1601.8,31.88,6.3,0
302.41,311.79,1256.8,44.34,173.7,0
302.75,313.07,1603.1,54.67,122.0,0
299.2,308.59,1771.4,25.26,128.4,0
296.32,306.29,1596.1,41.23,43.6,0
298.22,308.16,1627.9,61.21,101.8,0
301.92,311.97,1534.4,50.74,222.7,1
302.51,312.9,1733.8,35.61,228.3,0
297.46,307.75,1375.2,33.62,61.7,0
301.05,309.21,1266.6,58.63,153.9,1
300.14,308.85,1395.6,30.82,100.1,0
302.67,313.86,1483.9,49.99,141.1,0
302.52,313.66,1354.0,50.07,219.9,0
299.45,309.9,1428.9,36.34,214.8,0
304.1,314.1,1617.3,32.09,190.0,0
298.39,306.69,1584.0,41.88,75.8,0
301.39,312.12,1352.1,37.16,167.9,1
301.06,312.68,1503.3,25.39,78.0,0
303.8,312.85,1374.9,47.64,101.3,1
298.33,307.7,1516.4,40.76,92.6,0
300.84,311.11,1449.1,43.7,239.1,0
296.98,305.83,1496.5,32.71,27.3,0
298.38,307.26,1538.8,42.13,75.6,0
298.87,309.29,1549.7,41.42,170.6,0
300.01,307.93,1524.1,62.13,30.0,1
301.98,311.36,1480.7,43.41,165.6,0
301.46,312.05,1478.7,43.39,214.6,0
300.8,310.08,1626.8,51.51,63.1,1
299.87,309.94,1511.0,38.5,118.9,0
299.3,310.35,1550.8,36.66,137.2,1
301.21,310.36,1872.8,42.65,115.2,0
300.76,311.14,1411.0,43.15,209.7,0
302.44,313.49,1630.8,36.85,181.3,0
299.56,308.63,1510.9,41.87,157.8,1
298.17,307.33,1478.9,43.08,193.9,0
297.95,307.65,1503.6,37.36,243.9,0
297.13,305.81,1542.2,18.67,110.2,0
300.03,311.08,1329.3,40.24,245.7,0
299.64,309.53,1649.3,57.03,103.8,0
302.8,312.42,1576.5,35.15,162.2,0
297.6,305.28,1628.7,31.72,128.2,0
301.79,310.12,1499.6,40.21,230.2,0
299.08,308.92,1444.4,26.52,54.9,0
300.96,311.64,1522.4,37.12,232.2,0
298.01,307.83,1173.4,41.78,93.7,1
302.91,313.72,1484.0,35.46,200.6,0
298.62,306.65,1515.5,60.42,215.4,0
299.58,311.08,1498.5,42.96,246.7,0
298.37,309.2,1533.9,40.18,214.4,1
300.58,310.01,1286.8,34.83,204.7,0
302.0,311.51,1382.7,32.4,17.0,0
300.47,309.14,1401.1,23.36,94.2,0
295.85,305.76,1477.5,36.73,74.5,0
298.16,307.67,1442.3,42.89,158.7,1
300.36,311.67,1587.9,35.88,42.2,0
303.14,313.21,1404.1,31.09,72.2,0
297.22,305.62,1317.4,41.59,172.8,0
298.98,308.08,1716.9,40.16,184.9,0
298.01,308.43,1371.5,40.98,94.3,0
298.99,308.9,1479.9,44.12,10.8,0
299.2,308.02,1440.0,42.69,245.3,0
302.63,312.06,1679.6,25.24,48.0,1
302.36,312.84,1469.6,34.72,78.4,0
297.2,308.52,1544.6,29.16,203.6,0
298.06,307.75,1407.9,32.9,75.0,0
302.37,314.04,1352.2,54.05,206.0,0
299.7,308.27,1421.3,44.94,27.5,0
299.34,310.15,1333.5,51.47,13.9,0
297.21,307.8,1391.4,38.05,36.8,0
298.93,308.66,1340.8,39.55,76.9,0
300.64,312.29,1521.0,49.96,133.6,0
299.06,308.63,1463.1,45.96,93.0,0
298.52,309.71,1642.5,42.43,12.4,0
299.52,307.85,1611.6,31.67,229.8,0
296.31,305.42,1490.4,45.36,122.3,1
301.4,311.14,1727.0,43.98,203.0,0
298.4,306.49,1441.0,50.02,198.5,0
300.32,310.89,1617.7,46.22,211.3,1
298.89,308.76,1750.4,30.57,112.6,0
298.52,309.81,1329.7,44.88,187.3,1
297.17,307.39,1651.4,31.55,120.7,0
298.23,305.64,1509.0,49.5,176.8,0
299.31,307.7,1460.6,36.64,0.2,0
301.51,310.32,1527.2,52.15,38.3,1
301.34,312.87,1633.1,47.61,243.9,0
296.28,307.14,1414.3,41.97,224.3,1
299.3,308.53,1556.9,52.3,98.4,0
302.33,312.24,1628.0,36.31,22.0,0
301.08,311.5,1458.0,27.21,41.4,0
300.63,312.47,1324.9,45.21,52.9,1
299.81,309.57,1667.5,41.86,166.7,1
301.18,311.09,1550.0,41.7,131.9,1
298.78,309.15,1546.7,21.1,141.1,0
297.7,308.05,1718.7,25.04,242.5,0
300.71,310.9,1575.9,54.47,48.0,1
302.23,313.74,1462.6,65.02,132.2,0
300.49,308.4,1583.0,34.52,46.4,0
299.75,308.92,1386.0,59.32,69.2,1
296.05,306.8,1190.2,40.28,184.3,0
299.94,309.39,1589.5,37.68,3.0,0
303.29,313.65,1370.5,39.69,243.1,1
304.78,315.16,1485.0,24.04,107.3,0
299.02,309.66,1503.4,25.94,192.2,0
300.24,309.56,1676.6,37.87,65.6,0
298.96,308.88,1825.5,25.76,142.7,0
297.53,306.41,1458.6,31.84,24.9,0
303.2,314.0,1629.3,25.84,113.9,0
303.24,313.13,1355.5,28.45,231.2,1
299.96,309.27,1530.7,47.66,136.6,1
298.46,307.23,1528.9,51.45,128.7,1
299.79,310.18,1389.3,41.81,170.8,0
300.25,310.96,1533.1,29.9,191.6,0
301.92,311.69,1612.5,42.79,155.9,0
299.21,308.44,1614.6,51.27,75.2,0
301.14,310.44,1269.4,38.55,154.2,1
299.81,309.57,1324.0,38.95,246.2,0
299.22,308.92,1595.0,33.02,106.4,1
299.27,309.32,1491.2,34.95,204.2,0
301.72,311.8,1670.9,36.13,33.4,0
300.33,310.75,1583.8,38.26,68.9,0
302.47,311.44,1589.3,34.1,184.6,0
299.68,309.05,1352.9,29.11,245.7,0
302.7,313.59,1490.6,42.43,200.5,0
302.11,311.92,1398.6,29.06,189.0,1
303.12,311.59,1744.4,36.27,57.1,0
299.71,309.39,1309.3,39.02,88.7,1
298.78,308.65,1643.7,42.08,37.9,0
303.37,314.37,1754.6,33.19,102.7,0
299.51,309.52,1660.6,52.72,9.6,0
300.31,310.27,1510.0,12.87,227.5,0
301.24,312.88,1557.2,43.12,114.2,0
295.29,304.77,1385.1,39.65,137.4,0
301.98,311.76,1579.0,35.23,139.4,0
296.28,306.39,1671.9,39.02,76.2,0
299.41,309.16,1648.0,32.88,117.9,0
298.81,308.32,1569.0,38.25,85.8,0
299.98,310.29,1772.0,36.57,245.9,0
298.06,309.04,1485.3,28.92,151.5,0
299.17,309.1,1559.4,42.64,108.2,0
296.58,309.22,1634.0,37.45,223.5,0
302.19,310.63,1048.9,45.71,69.7,1
296.71,307.31,1398.6,24.28,249.7,0
300.22,309.59,1574.1,11.45,64.7,0
298.84,308.58,1476.0,44.3,142.7,0
300.09,310.65,1778.5,35.18,183.3,0
303.98,316.26,1323.6,36.65,244.4,1
299.99,311.17,1294.0,45.2,135.9,0
300.3,312.23,1693.0,33.9,42.6,1
296.87,305.69,1715.3,36.53,121.0,1
300.71,312.08,1661.0,34.53,59.6,0
300.05,308.51,1524.6,61.96,111.4,0
300.14,310.62,1658.6,41.99,145.8,0
298.33,309.75,1486.2,31.12,98.6,0
299.24,309.78,1387.4,27.54,223.9,1
299.88,310.37,1543.6,20.04,171.9,1
301.88,310.98,1264.0,27.79,78.9,0
295.96,305.86,1410.2,30.33,243.7,0
297.36,305.23,1543.4,40.46,60.4,0
302.32,313.29,1383.1,42.03,169.2,0
300.29,309.63,1376.4,46.83,210.4,1
297.03,306.82,1681.0,24.73,136.2,0
299.24,308.56,1388.2,33.2,102.8,0
298.05,308.76,1303.9,24.02,244.1,0
297.73,306.83,1729.9,40.33,214.6,0
299.18,310.19,1330.9,51.28,15.2,0
296.56,305.64,1657.0,47.6,76.0,0
298.81,309.71,1754.9,35.98,173.2,1
302.17,313.77,1563.3,55.57,68.7,0
295.87,305.56,1641.2,41.92,142.3,0
300.65,312.93,1205.1,39.17,45.4,1
295.93,305.98,1462.6,23.27,33.3,0
298.79,309.11,1597.4,45.82,191.9,1
300.61,309.79,1541.5,51.95,161.6,1
303.44,310.94,1514.5,36.76,20.4,0
296.52,305.97,1336.2,41.35,172.9,0
299.0,309.44,1511.8,50.54,116.8,0
300.59,309.81,1523.6,41.76,156.5,1
299.19,308.57,1586.4,38.51,152.6,0
301.03,311.85,1548.7,34.67,68.8,0
297.21,308.43,1548.1,38.35,6.2,0
302.16,313.1,1573.1,50.72,161.8,0
300.7,309.83,1418.8,39.28,90.6,0
301.08,311.96,1399.7,39.39,106.7,1
301.55,311.5,1291.6,50.41,131.3,1
299.3,307.08,1705.5,29.14,165.6,1
298.02,308.94,1385.8,36.25,163.9,1
300.2,309.72,1232.8,17.7,19.2,0
301.99,312.52,1430.1,24.87,209.7,0
299.32,309.82,1296.5,42.23,25.5,0
299.57,310.75,1589.5,19.76,22.8,1
300.96,312.46,1425.8,35.02,46.1,0
300.25,309.62,1514.4,34.07,204.9,1
297.69,306.35,1267.3,46.62,6.7,0
301.49,312.89,1733.6,45.2,168.8,1
298.84,307.68,1627.5,44.18,240.7,1
297.71,308.17,1780.1,52.43,195.4,0
301.69,312.21,1430.8,47.57,160.1,0
300.4,310.32,1511.8,35.39,41.6,0
298.31,308.86,1494.9,24.05,228.7,0
299.08,308.7,1500.6,56.22,227.9,0
300.79,309.83,1411.6,35.41,170.9,0
302.93,313.47,1423.8,21.41,101.4,0
298.08,306.73,1262.5,44.13,228.8,1
300.99,310.7,1544.0,32.57,226.7,1
301.32,311.25,1322.0,50.58,47.1,0
298.85,308.58,1703.8,36.46,35.3,0
300.7,309.8,1426.8,50.74,164.0,0
303.95,314.36,1655.1,54.67,66.5,1
299.89,309.34,1525.2,49.45,208.1,0
302.18,313.38,1336.4,47.94,199.6,0
300.43,310.13,1467.2,47.66,157.7,1
296.56,304.62,1660.4,32.27,234.0,0
300.74,311.32,1484.9,39.43,67.0,0
300.47,311.19,1356.2,48.73,179.8,0
299.84,309.54,1349.2,43.6,205.8,1
301.4,310.18,1744.3,23.92,26.9,0
301.58,311.01,1627.9,27.71,241.4,1
300.01,310.87,1440.8,43.2,244.4,0
298.81,308.51,1621.3,34.16,94.6,0
299.49,308.83,1504.2,41.04,104.0,0
298.87,309.7,1531.4,30.15,232.2,1
302.46,312.44,1766.4,35.39,183.0,0
299.08,308.0,1408.0,41.96,90.4,0
300.29,310.3,1701.8,38.92,108.0,0
300.84,312.15,1467.6,49.37,151.1,0
297.67,309.5,1390.0,33.3,184.0,0
300.14,308.12,1716.3,34.88,36.0,0
297.66,309.93,1464.1,40.09,105.7,0
299.09,310.82,1366.9,47.72,203.3,1
297.29,307.7,1596.0,26.84,207.5,1
296.91,306.37,1558.0,48.38,112.0,1
297.11,307.05,1280.3,53.15,248.9,1
295.97,303.13,1622.1,41.29,200.2,0
303.5,313.11,1465.0,66.38,48.1,1
296.77,306.54,1462.7,46.27,238.1,1
304.43,314.99,1338.8,41.25,94.0,0
300.49,309.69,1722.3,37.17,55.1,0
299.35,308.19,1529.6,44.01,104.7,0
298.29,308.32,1597.8,23.69,27.4,0
297.48,308.22,1639.7,47.32,168.4,0
301.72,311.97,1465.3,34.24,62.1,0
301.8,312.93,1398.8,32.56,70.3,0
297.11,306.63,1487.6,42.43,84.6,0
299.41,309.68,1565.0,34.91,154.1,0
300.25,309.78,1351.1,25.55,192.4,0
299.2,310.45,1481.5,45.88,193.0,0
301.91,311.87,1408.7,45.93,201.3,0
299.07,309.84,1519.0,28.22,143.9,1
301.45,311.56,1651.1,45.18,3.3,0
295.93,308.05,1381.5,39.98,171.1,0
303.19,313.2,1321.7,39.5,162.1,0
300.27,310.15,1337.4,43.58,240.6,0
298.42,308.45,1295.2,47.01,200.9,1
293.8,303.93,1416.9,43.82,136.7,1
298.26,308.36,1665.6,37.44,214.0,1
301.17,310.8,1558.8,33.39,25.3,0
297.01,308.29,1400.2,47.22,159.8,0
301.56,310.6,1539.2,50.23,31.8,1
297.63,307.38,1654.4,47.97,26.4,0
302.72,312.75,1503.4,47.38,237.6,0
295.36,306.14,1496.4,52.02,118.0,0
302.42,312.38,1449.1,51.67,83.3,1
305.51,315.2,1609.6,33.49,121.6,0
298.53,308.22,1367.3,34.79,115.2,1
300.97,309.02,1192.4,47.39,111.8,0
299.8,310.18,1370.9,31.89,114.4,0
298.52,309.17,1714.1,35.81,84.7,0
297.22,307.52,1446.7,44.15,218.6,1
302.64,311.77,1594.1,37.2,31.7,0
299.94,308.61,1602.0,38.01,136.2,0
301.85,310.8,1630.3,28.14,13.0,0
300.1,311.59,1378.4,35.35,71.2,0
302.7,312.05,1379.0,40.76,4.5,0
299.6,308.72,1528.0,45.89,200.5,1
295.64,305.11,1415.7,44.79,128.1,0
304.68,314.44,1516.5,46.17,135.1,1
301.74,312.69,1519.6,38.58,38.7,1
297.91,307.08,1295.2,32.89,122.2,0
300.38,310.35,1522.0,34.78,13.6,0
300.09,311.35,1889.1,51.38,42.7,0
298.78,307.77,1299.0,44.32,29.1,1
301.17,311.78,1388.3,35.86,36.4,0
301.99,313.36,1372.1,44.75,60.9,0
299.15,309.65,1530.2,35.77,100.6,0
300.45,311.09,1376.7,27.81,100.6,0
299.99,309.33,1461.9,30.33,87.7,0
301.34,311.95,1441.2,29.82,93.3,0
300.76,310.32,1364.8,46.03,91.7,0
300.54,309.71,1422.3,53.25,144.6,0
300.23,311.08,1436.8,28.69,210.8,0
302.7,313.99,1749.6,43.05,189.2,1
297.72,308.09,1597.9,48.82,21.5,0
297.42,307.28,1664.5,18.09,154.9,0
301.94,312.41,1444.9,37.25,212.9,1
300.01,311.24,1647.4,26.0,87.5,0
304.41,315.61,1311.1,47.87,91.1,0
299.23,309.66,1536.0,52.53,190.5,1
298.17,308.84,1658.8,41.98,108.0,0
299.9,310.4,1452.2,29.7,237.9,1
301.6,311.21,1451.0,48.31,20.8,0
298.12,309.24,1455.8,54.53,121.3,0
298.89,310.2,1189.2,30.48,91.8,0
302.76,312.87,1558.4,17.8,167.7,1
298.15,307.19,1521.7,42.81,144.3,0
299.56,309.63,1528.9,63.92,136.4,0
298.66,308.44,1368.4,15.95,13.2,0
301.42,314.54,1621.2,31.52,42.1,0
299.66,308.3,1352.8,31.7,161.3,1
302.1,312.58,1389.9,38.58,68.4,1
300.11,310.4,1416.7,40.22,142.3,0
295.79,307.83,1523.3,43.98,16.2,0
296.81,306.6,1129.3,23.24,145.5,1
297.94,307.5,1693.2,40.15,166.0,1
301.02,310.83,1534.9,49.01,132.5,0
304.37,313.68,1743.6,43.83,69.9,0
298.32,308.45,1726.2,34.8,173.4,0
295.85,305.83,1668.3,38.13,171.1,0
299.56,309.84,1451.1,47.41,78.6,1
301.42,311.44,1479.2,35.76,214.1,0
297.46,307.02,1214.7,27.5,228.9,0
300.06,311.67,1496.9,42.89,14.6,0
299.13,307.5,1384.1,48.9,147.7,0
300.4,310.5,1506.2,50.37,193.7,0
303.48,315.54,1240.0,42.21,5.3,0
301.91,314.24,1497.4,45.05,15.9,0
302.41,312.59,1594.0,37.23,47.8,0
297.22,308.92,1482.7,36.54,66.3,0
300.63,310.76,1621.0,33.99,13.8,0
298.47,308.53,1654.3,45.02,161.9,0
300.06,310.87,1511.3,29.75,31.7,0
299.04,311.58,1494.0,25.96,237.6,1
297.53,305.63,1612.4,55.49,74.7,1
297.24,306.8,1461.4,39.3,55.4,0
298.7,309.31,1492.4,31.7,2.5,0
300.3,310.4,1565.4,48.44,13.1,0
301.04,311.47,1506.1,54.33,58.2,1
300.96,311.69,1396.1,33.41,198.1,0
299.15,310.21,1528.7,51.99,225.4,0
299.75,309.54,1612.0,43.26,115.0,0
297.56,307.98,1494.1,22.45,21.5,0
300.27,313.19,1472.4,28.7,83.5,1
305.1,315.75,1367.8,54.04,13.2,0
298.47,307.34,1546.5,27.26,38.7,0
302.74,311.74,1190.9,50.91,105.1,1
299.75,309.77,1532.8,35.54,230.0,0
298.43,307.03,1648.8,41.79,235.5,1
299.26,309.48,1362.3,57.31,117.7,1
299.54,310.98,1366.5,24.78,213.6,1
298.31,309.23,1450.4,34.9,230.2,0
302.0,314.44,1243.6,52.3,201.8,1
297.95,308.01,1516.1,29.21,234.1,0
301.52,311.13,1383.9,48.11,9.1,0
300.58,310.07,1422.9,28.01,125.4,1
298.85,309.19,1439.1,14.53,135.2,1
299.14,309.56,1590.0,49.58,139.0,1
298.53,310.2,1559.8,31.31,131.2,0
297.2,308.41,1527.0,48.38,21.4,0
303.16,312.85,1496.0,54.56,223.7,0
298.8,307.24,1622.9,44.24,22.2,0
299.2,310.01,1418.0,33.25,104.5,0
298.36,307.23,1438.1,32.61,143.1,0
296.05,305.3,1569.2,42.89,189.2,1
302.38,311.56,1663.8,34.52,61.6,0
300.72,311.69,1554.1,23.89,131.9,0
297.6,308.3,1438.5,47.83,173.5,1
301.22,309.14,1601.6,29.2,200.8,0
303.24,313.65,1317.5,53.63,202.2,1
301.2,309.47,1397.0,53.93,75.7,1
302.65,312.48,1511.9,47.59,165.4,0
301.53,310.55,1542.6,42.58,103.8,0
299.74,308.89,1386.2,30.21,193.1,1
303.81,312.38,1461.0,33.44,22.4,0
296.98,306.76,1470.9,45.4,40.2,0
301.31,311.4,1526.3,30.35,215.5,0
300.4,310.39,1422.3,42.18,248.2,1
296.78,306.08,1227.7,45.37,21.6,0
300.51,311.71,1384.2,35.02,41.0,0
301.82,311.15,1565.3,36.95,82.1,0
297.89,308.32,1244.7,34.39,184.2,1
300.52,310.5,1476.2,35.13,120.5,1
296.0,306.04,1592.1,43.75,234.7,0
300.82,311.17,1691.2,41.98,75.9,0
296.74,305.83,1228.9,37.25,240.4,1
298.74,308.45,1396.5,40.42,27.6,0
299.62,308.12,1704.5,36.96,184.9,1
296.32,305.51,1660.8,32.82,13.0,0
297.81,307.74,1564.7,47.4,120.6,0
300.89,310.91,1421.3,45.39,53.4,0
298.18,309.87,1626.3,40.23,226.0,1
299.2,308.17,1338.3,43.77,242.0,0
297.34,305.16,1395.1,41.62,56.7,0
302.18,310.71,1568.5,37.49,158.5,0
296.21,306.53,1321.8,36.03,144.5,0
300.01,310.6,1531.2,32.77,85.1,0
299.59,310.71,1421.0,34.76,192.2,1
301.76,310.99,1404.9,29.54,116.4,0
298.86,307.68,1505.1,28.1,115.1,0
299.66,307.25,1281.5,35.78,49.9,0
300.21,309.87,1603.2,33.87,212.9,0
294.79,304.27,1395.4,30.46,43.2,0
301.51,311.29,1297.5,57.68,233.6,0
304.0,315.14,1484.8,35.18,162.3,0
301.95,313.35,1405.7,37.22,106.8,0
296.04,305.77,1498.2,55.87,77.5,0
300.59,310.84,1451.0,41.25,141.6,0
298.94,309.32,1561.9,37.07,5.0,0
299.66,311.3,1472.5,39.8,204.8,0
301.24,309.11,1677.6,50.36,239.0,0
295.23,305.98,1520.1,44.28,74.5,1
302.81,311.61,1288.3,38.63,150.4,0
299.74,309.09,1170.8,55.99,187.2,0
301.02,311.64,1610.3,40.62,208.7,1
299.03,309.87,1342.3,14.68,39.3,0
298.43,307.64,1769.9,48.59,227.9,0
302.39,310.87,1575.7,46.27,87.7,0
301.23,308.97,1399.8,32.19,201.5,0
298.29,307.68,1667.8,40.13,60.3,0
299.56,308.92,1549.7,56.18,204.2,0
299.68,312.18,1341.7,36.46,166.7,0
301.29,309.67,1299.6,61.36,209.0,1
299.27,307.6,1805.4,44.69,196.0,0
303.28,312.1,1717.7,32.61,5.1,0
299.87,308.42,1511.3,50.49,232.5,0
296.32,303.2,1531.5,37.36,61.7,0
300.06,310.75,1663.2,46.92,32.8,0
299.14,309.24,1317.4,39.91,45.7,0
298.04,306.08,1399.8,41.93,125.9,0
300.59,309.32,1626.1,60.36,184.6,1
302.34,311.61,1403.3,12.61,162.0,1
296.96,307.91,1533.7,45.02,31.8,0
302.25,310.51,1561.4,37.23,2.3,0
297.11,307.8,1572.9,36.75,104.0,1
300.84,311.06,1309.4,36.21,129.3,0
300.37,309.95,1628.5,41.51,30.6,0
302.08,312.17,1423.4,14.46,17.6,0
298.13,306.94,1487.3,41.74,115.2,0
298.12,308.6,1757.4,39.02,216.7,0
302.98,314.09,1552.7,35.3,66.2,1
300.3,310.6,1382.6,47.07,110.8,0
302.67,313.25,1452.1,45.43,205.7,0
294.33,305.69,1614.1,22.57,182.5,1
303.55,312.32,1660.8,50.12,13.0,0
299.74,310.87,1368.6,31.94,120.8,0
299.45,310.32,1441.4,42.42,119.0,0
300.01,308.54,1426.9,25.64,195.0,0
298.55,309.27,1524.5,47.45,95.0,0
304.99,315.04,1403.8,68.24,126.2,1
300.9,310.44,1337.4,41.23,191.5,0
298.1,307.76,1349.0,40.48,233.5,0
298.85,308.11,1242.5,26.28,198.7,1
297.46,307.3,1510.3,22.54,36.9,0
302.36,314.36,1542.8,41.4,228.1,1
299.2,308.46,1484.3,46.13,2.3,0
298.82,308.74,1197.1,45.49,118.4,0
301.95,312.25,1384.0,58.99,204.9,0
296.39,306.66,1519.3,36.54,215.7,0
300.79,310.36,1567.6,37.38,80.2,0
298.75,308.82,1256.4,36.3,47.6,1
299.1,307.89,1168.8,37.69,80.2,0
300.2,310.54,1491.6,36.17,218.8,0
298.85,308.57,1586.9,54.12,142.6,0
297.51,308.03,1963.5,42.8,70.9,0
299.23,309.43,1497.3,30.24,40.2,0
295.46,305.25,1364.6,43.39,107.6,1
301.14,310.81,1422.2,48.53,197.3,1
296.19,306.45,1412.0,38.14,247.3,0
300.21,309.9,1594.0,39.2,61.5,0
296.88,309.72,1441.4,41.83,48.4,0
301.4,310.56,1546.2,26.97,53.8,0
295.63,305.9,1627.4,27.25,133.4,1
299.72,310.31,1484.0,59.42,128.1,0
299.34,307.64,1777.7,37.38,235.2,0
299.43,309.32,1964.7,37.42,42.1,0
300.76,311.45,1786.9,18.26,212.4,0
295.39,305.03,1905.5,37.69,47.3,0
300.58,311.26,1382.8,42.6,151.0,1
295.13,305.81,1377.8,41.76,107.7,0
303.67,314.27,1402.6,37.2,244.0,0
298.81,307.13,1483.6,40.34,202.6,0
296.47,306.76,1547.0,46.66,62.5,0
300.37,309.95,1214.3,54.44,90.9,1
301.32,310.22,1281.5,58.66,111.7,0
301.44,310.9,1939.1,30.06,76.2,0
298.22,308.85,1364.0,55.72,103.9,1
295.55,305.03,1454.9,33.69,165.9,0
297.52,308.48,1293.7,38.21,52.6,1
298.69,307.99,1402.0,36.13,159.8,1
297.28,308.51,1573.2,57.68,64.0,0
298.37,308.69,1139.4,53.92,67.0,1
301.96,312.24,1291.4,35.18,64.3,0
295.47,305.12,1465.8,47.15,93.4,0
302.2,311.82,1678.6,55.72,83.5,1
300.08,311.17,1489.5,14.78,166.9,1
296.02,305.35,1472.4,29.02,124.1,0
303.34,312.44,1575.9,39.13,149.8,0
299.76,309.86,1252.2,29.6,142.4,1
301.29,310.19,1687.8,41.61,31.3,1
300.33,309.26,1482.6,46.08,81.7,0
301.34,311.51,1677.1,44.03,71.3,0
301.49,310.81,1476.3,34.64,126.5,1
303.35,313.79,1684.1,24.19,146.3,0
304.18,314.88,1447.5,37.97,29.8,0
300.0,308.46,1573.9,48.34,197.3,0
297.8,306.09,1314.5,35.73,15.3,0
300.27,310.3,1392.5,48.1,207.4,0
300.51,310.63,1760.2,30.25,116.2,0
298.37,310.48,1505.2,26.24,132.1,0
301.21,312.0,1384.6,43.26,180.2,1
301.95,311.95,1602.9,18.46,37.0,0
300.59,309.38,1568.0,42.33,176.4,0
298.0,309.63,1798.7,43.93,104.4,0
300.33,312.08,1574.8,47.54,223.7,1
298.0,308.52,1629.5,41.71,80.0,0
297.95,308.51,1275.2,51.43,52.8,0
298.12,307.57,1467.9,48.37,61.3,0
296.18,305.64,1664.9,38.11,141.5,0
300.96,310.1,1826.8,41.94,222.4,0
301.81,311.68,1488.7,56.59,150.8,0
299.36,309.48,1660.7,24.93,14.1,0
299.91,309.5,1394.6,20.95,65.7,1
301.0,310.11,1286.0,40.69,79.9,0
298.57,308.72,1588.3,47.28,188.3,0
301.91,313.13,1830.3,36.44,9.6,0
302.59,313.16,1163.9,40.06,69.4,0
302.75,313.77,1445.5,48.54,192.4,0
301.99,312.15,1764.9,67.86,144.5,0
300.1,310.82,1445.2,63.88,23.4,0
301.52,312.35,1331.2,29.06,209.5,0
301.15,309.64,1527.7,44.53,103.6,0
297.86,309.16,1610.8,52.8,88.8,0
303.1,313.42,1683.2,41.34,8.4,0
297.41,306.75,1385.1,39.06,238.5,1
300.53,310.49,1611.8,40.94,1.3,0
300.8,311.04,1605.5,38.78,135.6,0
297.71,307.8,1535.0,32.82,228.7,1
301.25,310.15,1527.0,32.69,41.0,0
298.21,309.27,1850.7,31.39,42.8,0
298.26,309.33,1356.9,44.53,172.0,0
299.59,308.56,1623.4,31.63,65.5,0
300.92,309.69,1469.5,32.28,178.3,0
302.34,313.84,1377.6,25.45,25.7,0
300.06,311.88,1349.4,48.35,81.1,0
302.18,311.61,1506.6,49.56,113.9,0
295.72,305.58,1699.1,62.09,54.8,0
303.78,312.9,1384.0,31.29,9.5,0
298.57,308.22,1547.4,34.34,213.6,0
299.68,308.76,1513.9,24.35,63.4,1
296.12,307.01,1302.8,22.27,181.9,0
302.27,312.12,1475.7,44.38,140.2,1
297.31,306.92,1835.8,30.61,173.0,1
301.93,311.62,1240.6,59.53,16.8,0
302.63,312.49,1668.5,43.87,123.5,1
302.17,311.09,1398.9,49.58,123.9,0
296.41,304.82,1423.4,36.23,49.2,0
298.9,307.8,1843.8,58.67,163.4,0
303.16,311.95,1824.0,21.39,222.0,0
299.05,307.74,1366.0,23.59,37.6,0
302.84,312.86,1430.5,11.16,212.2,0
299.83,311.71,1578.1,36.72,144.3,0
298.55,307.68,1431.5,52.84,123.1,0
299.56,310.53,1405.3,40.53,0.6,0
301.58,310.46,1765.1,29.36,178.0,0
298.79,309.29,1580.6,46.42,149.2,0
297.55,306.71,1504.1,29.44,146.3,0
299.23,307.02,1708.5,26.55,225.3,1
299.23,308.13,1551.6,30.12,182.2,0
299.68,309.99,1409.9,41.4,223.4,1
304.07,314.43,1458.2,42.64,9.6,0
299.28,310.02,1486.2,29.18,149.6,0
299.84,309.39,1344.1,44.21,226.5,0
297.58,307.64,1517.0,41.86,182.9,0
298.16,308.8,1599.8,29.79,54.9,0
302.9,312.58,1463.8,54.67,198.0,0
300.9,311.89,1386.9,30.94,78.7,0
299.31,308.72,1466.8,25.59,227.1,0
300.61,310.06,1407.5,42.86,230.6,1
296.11,307.08,1378.4,48.57,173.4,1
304.15,313.36,1603.6,29.13,193.1,0
304.65,314.12,1643.6,38.94,124.5,1
300.81,311.26,1286.1,35.27,101.5,1
298.97,309.59,1708.8,41.11,88.4,0
297.43,308.15,1526.7,37.64,24.7,0
301.38,310.94,1520.9,39.55,244.9,0
299.14,310.94,1544.9,34.24,7.8,0
299.71,309.55,1504.8,40.76,200.3,0
296.69,305.66,1482.7,24.16,138.0,1
297.29,308.03,1188.4,37.65,112.3,0
296.53,308.44,1736.0,34.24,171.5,0
298.97,309.66,1708.5,57.87,92.4,0
296.04,305.89,1444.8,35.4,26.4,0
302.24,313.51,1474.2,50.98,146.5,1
300.06,310.49,1461.5,26.63,146.2,1
298.97,308.84,1565.9,52.68,49.6,1
303.4,313.37,1499.7,55.68,76.3,0
296.82,306.16,1364.6,48.09,42.9,1
296.33,306.59,1368.2,42.97,163.7,0
299.27,309.77,1578.2,53.37,242.7,1
302.96,311.93,1477.2,33.59,241.0,0
296.39,306.72,1554.7,33.2,161.2,0
300.99,310.85,1465.0,45.48,63.1,0
302.61,312.74,1417.4,45.1,178.0,0
297.17,305.5,1467.6,29.83,120.2,0
297.04,305.7,1520.3,36.74,109.1,0
301.03,310.54,1490.5,54.15,74.6,0
297.23,308.14,1617.6,31.02,10.1,0
299.12,308.53,1505.1,47.36,91.2,0
299.45,310.42,1335.2,33.81,94.4,0
302.28,311.1,1592.6,23.18,16.5,1
299.24,307.97,1474.8,45.99,166.0,0
298.87,308.5,1477.1,36.54,39.4,0
301.06,310.4,1505.6,36.85,94.9,0
305.72,316.02,1329.6,29.65,183.4,0
299.51,309.81,1604.0,19.72,89.9,1
300.48,309.48,1285.0,41.21,113.0,0
300.8,312.13,1516.2,30.93,175.7,1
301.08,312.3,1570.9,32.19,169.3,1
299.87,309.51,1684.1,27.9,54.0,0
301.6,311.77,1309.7,57.87,215.0,1
302.54,313.03,1316.5,54.25,152.9,1
297.92,309.22,1588.5,65.4,185.6,1
294.59,304.93,1447.8,39.25,83.9,0
301.79,310.05,1470.4,51.67,4.5,0
300.04,309.24,1586.8,44.6,154.4,1
299.56,309.62,1572.6,45.51,64.8,0
298.1,308.79,1422.5,29.77,104.6,0
293.49,304.69,1266.9,55.67,74.7,1
300.78,311.36,1497.6,51.57,32.7,0
298.04,308.69,1392.7,39.03,206.3,0
299.78,310.9,1602.8,54.02,200.8,1
302.84,312.5,1604.4,39.41,121.6,0
302.95,312.76,1532.8,52.89,44.9,0
301.01,310.97,1609.3,45.93,8.2,0
304.29,313.82,1523.8,51.56,49.3,1
297.7,306.73,1402.2,40.45,39.6,0
299.42,309.67,1459.5,24.57,129.3,1
299.38,310.93,1577.6,52.67,28.3,1
299.57,308.39,1720.5,33.78,145.2,1
297.72,307.33,1560.2,25.48,105.9,1
297.42,307.48,1636.9,44.22,64.5,0
300.89,310.89,1645.4,23.0,22.5,0
298.43,308.63,1602.3,49.63,147.4,1
302.25,312.1,1499.8,46.01,232.9,0
302.18,314.54,1284.2,37.75,0.9,0
300.12,308.5,1362.9,18.71,245.2,1
298.69,306.64,1556.0,54.55,190.2,1
300.47,309.33,1376.3,32.53,2.9,0
299.21,308.45,1385.9,36.06,49.8,1
298.66,308.79,1452.8,24.04,5.5,0
297.8,309.6,1372.0,33.31,163.5,1
297.52,307.19,1593.4,58.1,214.7,1
300.51,310.17,1387.6,43.38,173.7,0
301.3,311.22,1556.6,30.54,95.5,0
299.78,310.08,1625.0,33.7,248.9,1
299.19,307.6,1218.9,41.84,3.8,1
298.56,307.64,1312.0,37.85,218.3,1
299.0,309.25,1697.3,52.85,239.1,0
301.87,312.65,1504.6,31.03,57.9,0
300.95,310.46,1485.7,28.88,234.6,0
300.03,310.18,1422.6,30.75,106.1,0
297.78,306.81,1616.2,41.79,72.0,0
301.04,309.96,1649.6,51.27,79.8,0
299.84,310.64,1475.5,51.86,106.1,1
299.5,308.34,1438.0,40.32,111.0,0
301.37,312.44,1609.5,42.41,4.5,0
302.87,313.15,1205.5,44.61,34.1,0
299.85,310.85,1533.5,49.83,168.5,0
301.14,312.22,1550.0,15.07,200.8,0
297.24,305.68,1538.1,32.98,103.3,0
303.36,312.48,1522.1,33.2,193.0,0
299.24,309.62,1543.6,47.4,220.5,0
305.87,314.84,1243.4,36.07,98.3,0
296.98,306.18,1598.9,35.77,17.5,0
298.09,308.61,1424.1,38.2,67.5,1
300.83,311.11,1470.4,24.94,117.6,0
300.69,311.18,1809.6,41.58,211.8,0
300.0,309.98,1536.0,44.07,135.7,1
295.75,306.17,1820.3,42.82,104.6,0
301.44,311.86,1475.0,28.11,102.0,0
297.81,308.63,1630.8,43.24,104.5,1
299.5,309.13,1501.6,26.64,212.1,0
300.12,309.85,1602.7,35.79,70.9,0
302.24,313.44,1256.8,33.02,202.2,1
299.6,311.0,1730.9,55.72,206.8,0
296.72,306.17,1539.4,22.96,112.3,0
298.27,308.15,1363.5,46.95,49.2,0
297.15,306.7,1226.9,51.88,112.2,1
297.15,307.33,1205.3,25.19,8.9,0
305.96,315.85,1764.9,45.02,44.4,0
301.5,310.9,1275.7,39.88,15.0,1
298.27,307.85,1544.0,58.26,36.0,1
300.77,309.6,1639.2,22.3,78.9,0
299.84,309.72,1455.0,26.99,164.6,0
304.88,315.32,1513.8,44.76,117.8,0
301.48,311.61,1423.0,49.53,59.3,0
300.06,308.34,1503.4,56.94,16.9,0
301.7,312.32,1646.1,27.5,106.6,0
303.87,314.12,1498.3,50.31,78.3,0
298.43,309.14,1648.6,36.98,181.1,0
297.3,306.84,1297.9,31.01,44.0,0
298.28,309.12,1170.3,31.17,245.5,1
298.54,308.35,1527.0,31.85,149.8,0
296.8,304.89,1503.7,33.27,126.2,1
297.51,307.96,1393.9,34.61,239.5,0
299.18,309.72,1338.3,33.59,123.0,0
301.89,311.95,1563.4,35.34,198.0,0
299.47,308.49,1420.8,32.9,65.8,0
295.78,307.12,1397.0,51.63,35.8,0
299.14,309.95,1619.5,59.05,117.9,1
303.5,313.47,1538.6,33.69,224.0,0
299.01,310.72,1344.9,37.25,126.7,0
299.87,308.79,1382.6,48.53,120.2,1
299.43,310.58,1462.5,36.82,100.5,1
299.14,310.11,1695.0,49.6,146.5,0
302.02,310.15,1404.3,37.58,248.2,0
299.26,309.97,1300.1,51.71,97.9,0
298.35,307.1,1739.7,33.53,127.9,0
305.33,315.43,1667.5,42.32,60.5,0
300.46,310.58,1386.9,59.44,11.2,1
299.88,310.71,1340.1,39.48,53.6,0
300.24,309.54,1516.7,63.72,204.3,0
300.64,311.64,1734.0,20.48,162.3,0
301.31,311.07,1558.7,31.65,1.1,0
299.45,308.77,1311.9,34.45,146.3,0
299.0,308.94,1649.3,34.22,172.4,1
301.89,312.97,1405.4,37.02,68.1,0
299.44,309.44,1437.7,31.6,144.6,0
301.43,311.2,1606.1,47.77,151.7,1
302.92,314.26,1630.6,60.85,246.6,1
301.75,312.48,1453.6,44.05,21.0,0
304.49,311.76,1467.9,52.52,142.7,0
298.89,308.92,1670.6,43.99,39.4,0
303.24,314.88,1491.6,42.53,56.9,0
301.0,310.02,1740.8,52.24,22.0,1
299.51,310.38,1441.7,20.74,97.5,0
301.53,311.12,1569.1,24.78,68.6,0
296.18,306.95,1667.8,26.31,212.9,0
302.1,312.42,1521.4,22.74,112.6,0
300.06,309.8,1647.6,57.29,184.1,1
298.58,308.69,1535.4,30.61,68.7,0
299.74,308.95,1210.7,46.12,180.1,0
297.26,308.44,1609.8,52.55,159.4,0
299.48,309.51,1359.9,54.81,235.7,0
300.69,311.93,1383.1,33.48,85.1,0
296.25,306.04,1310.3,40.56,244.4,0
300.11,310.97,1428.5,56.77,157.5,1
297.44,306.41,1490.2,67.23,144.9,0
298.25,306.84,1467.0,38.73,25.9,0
297.48,308.36,1493.4,50.87,76.4,1
295.27,305.62,1353.1,41.63,249.2,0
296.26,305.34,1364.4,53.96,208.3,1
303.51,313.14,1373.9,46.87,36.3,0
299.4,307.75,1487.4,36.16,142.8,0
300.05,310.67,1529.0,53.1,10.2,0
301.45,309.68,1392.7,33.06,50.3,0
298.94,310.3,1016.8,43.96,63.3,1
299.0,309.0,1429.6,55.32,129.3,0
302.73,312.0,1603.0,47.41,180.7,1
298.79,307.69,1194.8,36.37,188.7,0
298.29,307.89,1540.8,39.43,56.5,0
297.62,309.61,1496.7,32.18,175.5,0
302.17,312.21,1427.5,37.53,234.1,0
302.37,310.48,1404.2,50.61,179.0,1
299.17,308.45,1547.2,36.41,55.7,0
300.4,310.5,1876.1,57.4,115.3,0
299.43,307.41,1523.7,40.33,234.4,1
304.18,313.75,1464.9,48.64,240.4,1
303.55,312.07,1520.9,40.65,61.2,0
300.28,311.96,1631.5,32.66,138.1,0
297.46,308.61,1855.1,36.22,101.2,0
303.48,313.56,1234.5,29.13,101.8,0
302.21,309.94,1469.4,71.18,33.7,0
297.43,307.42,1745.9,50.79,100.4,0
300.49,311.22,1405.8,52.86,240.0,0
300.64,310.92,1418.8,32.25,71.4,0
301.38,310.93,1371.9,33.57,58.0,0
300.58,311.96,1498.4,39.24,102.0,0
300.67,309.94,1658.5,49.67,182.1,0
300.87,311.27,1536.7,35.83,240.0,1
301.44,313.26,1487.5,46.49,149.8,0
301.51,311.47,1500.3,31.87,171.7,1
300.77,312.13,1477.9,33.43,5.9,0
300.87,308.86,1630.9,64.26,66.6,0
301.81,311.58,1715.5,32.96,119.0,1
303.37,313.04,1487.8,39.78,25.1,0
303.93,313.89,1687.5,29.44,174.7,0
299.86,311.75,1496.6,48.63,112.6,0
298.75,307.77,1518.3,35.81,62.1,0
302.06,311.31,1327.9,32.31,42.3,0
299.09,309.43,1568.4,9.55,171.8,0
302.3,312.79,1493.7,39.06,70.0,1
299.1,308.34,1533.6,20.53,165.9,0
302.93,312.14,1312.3,30.22,135.3,0
301.27,311.15,1431.7,42.45,211.6,1
301.4,312.87,1445.4,52.15,55.4,0
305.89,316.61,1855.4,53.95,237.2,0
299.46,308.99,1681.6,39.83,126.3,1
298.8,309.21,1627.7,30.9,41.2,0
297.41,306.59,1698.7,30.45,92.0,0
298.17,308.3,1424.6,51.79,162.1,1
298.25,308.93,1540.6,48.95,107.2,0
298.48,309.14,1658.9,34.45,173.9,0
299.33,310.85,1382.1,54.98,52.8,0
300.42,310.48,1441.0,20.91,168.5,1
302.41,312.56,1556.2,49.01,214.1,0
299.37,308.58,1462.7,43.14,19.6,0
301.06,311.52,1532.0,37.97,171.7,0
302.57,312.64,1303.8,36.55,71.2,0
306.55,317.09,1585.1,45.95,145.3,0
298.74,309.31,1483.5,38.16,173.8,1
301.97,311.73,1600.8,22.85,94.0,0
302.1,312.2,1466.0,44.0,115.5,0
301.27,311.34,1384.4,54.34,2.0,1
299.96,309.71,1435.8,39.9,171.7,0
301.03,309.26,1370.2,34.83,101.8,1
300.4,308.85,1506.0,25.77,39.3,1
302.32,313.11,1487.7,30.11,17.7,0
296.97,307.6,1764.7,67.92,231.1,1
304.42,315.72,1584.9,38.76,194.3,0
301.55,311.07,1685.6,37.46,205.7,0
301.19,310.27,1346.7,29.43,74.1,0
298.18,308.94,1407.5,26.52,119.0,1
298.07,309.25,1419.1,21.0,156.6,0
299.35,308.99,1436.8,46.21,95.0,0
300.74,311.57,1693.3,28.89,4.9,0
299.81,311.54,1163.2,41.95,116.3,1
301.41,311.76,1446.0,46.23,26.5,0
299.32,308.7,1684.3,44.61,224.8,0
300.05,307.77,1481.4,36.27,44.8,0
298.97,311.09,1083.9,38.2,239.0,0
300.17,308.68,1559.7,56.53,232.3,0
298.67,306.42,1530.8,32.24,72.1,0
300.32,309.1,1379.7,40.61,174.6,1
297.65,308.11,1767.4,37.53,132.4,1
296.75,305.8,1591.6,41.54,167.9,0
299.85,309.06,1652.4,35.97,104.6,0
304.05,313.16,1312.5,43.72,86.5,1
299.14,307.02,1389.6,36.89,36.4,0
299.93,309.42,1708.5,53.16,206.7,0
300.02,309.04,1611.0,56.8,208.2,1
300.42,309.95,1160.5,46.37,85.1,1
301.71,311.97,1697.1,39.85,100.5,0
299.72,309.19,1687.5,30.66,185.7,0
300.73,309.0,1446.2,27.75,88.9,0
300.1,311.57,1556.8,34.11,99.2,0
298.53,307.13,1177.1,39.69,60.5,0
299.49,309.43,1408.4,45.06,11.0,0
302.38,313.05,1495.8,53.64,51.3,0
301.78,312.84,1555.6,37.67,26.1,1
300.79,310.96,1373.0,46.08,110.5,0
299.65,308.97,1398.9,54.34,82.6,1
301.99,312.24,1480.7,34.91,39.6,0
298.72,309.04,1313.5,49.59,49.7,0
299.25,309.2,1535.3,3.12,80.4,1
299.36,308.4,1664.6,46.69,132.7,0
297.37,307.77,1379.7,34.95,62.3,1
300.22,308.68,1597.1,40.91,48.9,0
302.2,312.7,1259.1,43.95,65.6,1
301.42,310.45,1465.0,54.76,174.5,0
297.8,307.44,1715.3,21.72,237.0,1
300.03,309.26,1515.1,19.32,6.0,0
301.89,311.34,1219.0,60.44,71.4,0
298.25,306.74,1192.1,28.19,211.6,0
303.04,310.9,1614.0,31.6,133.0,0
301.14,311.77,1604.9,30.76,200.0,1
297.94,307.46,1499.4,39.59,88.1,1
297.34,307.57,1436.8,46.26,56.6,0
299.57,305.97,1394.8,31.24,42.4,0
301.88,312.64,1769.7,36.84,184.0,0
299.0,309.54,1464.9,38.04,34.6,0
299.6,311.25,1605.6,48.09,151.2,0
302.06,310.65,1566.7,48.51,66.3,0
302.03,312.68,1470.7,45.46,26.6,0
303.15,313.1,1391.0,31.22,60.7,0
301.51,311.64,1586.6,27.71,190.2,0
298.57,309.75,1455.1,27.64,198.5,0
304.4,312.34,1268.1,53.24,98.2,0
300.75,310.91,1731.4,42.43,22.3,0
300.02,308.54,1448.3,40.12,66.1,0
305.42,315.94,1531.5,46.15,103.7,0
299.31,309.03,1596.3,58.84,197.4,1
301.46,312.85,1503.3,43.17,28.3,0
298.94,309.64,1619.5,56.33,115.1,1
297.19,305.89,1697.1,47.13,169.6,0
299.94,308.52,1481.8,54.59,134.2,0
301.39,312.55,1633.7,37.96,40.6,0
301.64,310.73,1551.4,42.97,247.9,1
302.08,311.06,1465.8,30.6,212.0,0
302.42,310.66,1832.7,40.57,243.2,0
300.21,309.57,1491.3,51.28,19.6,0
296.18,306.87,1529.1,38.08,130.4,0
297.32,307.0,1521.6,21.66,65.8,0
300.9,309.58,1713.1,31.78,138.7,0
303.28,311.36,1586.6,38.22,13.7,0
301.44,311.76,1421.6,45.03,74.0,1
299.1,309.34,1589.8,48.53,182.4,0
300.59,310.05,1640.3,45.08,10.4,0
299.88,309.66,1528.7,28.5,229.3,0
302.17,311.83,1350.0,61.94,234.6,1
299.45,309.09,1490.6,35.52,69.5,0
300.56,311.55,1597.0,63.11,23.0,0
298.7,308.37,1800.4,36.92,218.6,0
297.47,308.44,1378.3,28.17,67.4,0
294.3,304.84,1808.1,41.48,96.8,0
298.63,308.12,1691.0,32.07,189.2,0
297.69,308.41,1729.0,59.03,121.1,0
299.02,312.01,1756.3,45.19,27.4,1
298.84,309.23,1302.0,37.61,121.3,1
297.17,308.47,1258.2,48.86,227.5,1
300.33,311.39,1320.9,29.87,8.4,0
299.58,310.91,1450.2,19.9,204.7,1
297.32,306.83,1276.8,28.75,44.0,0
298.95,311.36,1688.3,46.87,189.9,1
300.67,311.23,1468.2,45.42,125.8,0
299.26,309.02,1387.7,34.44,7.1,0
298.62,309.09,1696.6,51.71,1.3,0
300.6,311.34,1614.0,37.0,72.9,0
298.19,308.33,1547.1,25.15,191.0,0
297.33,307.93,1636.5,39.1,102.5,0
295.56,307.98,1724.3,37.15,131.7,0
297.75,306.89,1513.3,35.08,57.5,0
300.82,309.88,1668.1,48.06,125.9,0
301.02,312.17,1370.9,33.46,110.5,0
302.7,314.8,1493.8,61.59,8.0,0
303.01,313.79,1723.8,35.17,56.8,0
298.88,308.42,1654.5,36.2,207.0,0
302.68,310.92,1358.4,48.06,42.0,0
300.16,310.48,1351.8,47.23,65.3,0
295.97,306.11,1421.6,32.67,8.9,0
299.85,311.74,1535.7,31.59,23.6,0
300.92,310.62,1445.6,41.85,205.3,0
302.42,312.39,1745.8,49.08,248.4,0
301.22,309.9,1416.3,39.52,3.6,0
300.65,309.82,1747.9,60.78,8.0,1
301.6,311.54,1746.6,26.52,195.0,1
300.2,311.7,1453.1,50.31,222.2,1
298.4,307.45,1283.8,35.59,57.9,1
304.24,315.22,1142.2,34.35,228.9,1
299.56,308.55,1496.1,18.38,114.4,0
297.72,307.78,1256.2,40.83,46.1,0
303.85,312.75,1637.1,51.6,117.6,0
296.89,305.49,1487.4,62.54,212.3,0
299.88,309.95,1551.4,30.44,75.3,0
301.91,312.7,1405.6,32.93,130.3,0
298.94,308.04,1363.7,35.24,51.3,0
298.92,309.39,1511.9,37.12,244.0,1
298.44,308.1,1629.7,41.5,196.0,1
296.99,307.99,1367.8,40.9,169.7,1
303.62,314.02,1410.4,45.67,65.4,0
295.86,306.01,1487.6,51.36,199.9,0
302.88,313.3,1646.1,35.08,68.6,0
297.08,307.32,1202.3,37.33,66.7,0
301.32,311.17,1504.7,38.25,125.3,0
302.31,313.47,1565.3,41.66,205.8,0
299.93,309.34,1257.6,31.31,112.8,1
297.69,305.7,1494.3,48.19,155.9,1
299.1,310.16,1211.0,25.18,93.7,1
298.22,308.06,1347.9,43.39,130.6,1
299.64,311.66,1436.3,38.68,211.4,0
301.76,310.81,1472.7,42.81,227.1,1
300.2,309.99,1228.1,66.31,55.9,0
298.18,308.79,1257.4,43.46,238.9,1
299.01,307.53,1492.3,24.19,218.1,1
301.26,312.92,1539.6,34.41,41.6,0
298.62,309.41,1228.3,29.95,214.7,0
300.36,309.33,1565.4,32.38,226.3,0
298.98,306.19,1505.8,47.88,121.9,0
303.49,314.21,1387.0,38.86,196.5,0
298.38,308.13,1631.4,43.08,221.9,0
299.06,310.18,1740.0,55.28,91.3,0
300.01,310.94,1514.9,39.93,123.4,0
300.11,308.78,1583.6,46.32,197.1,1
297.97,308.83,1452.9,37.4,243.9,0
300.22,311.21,1596.6,60.77,12.8,0
300.07,311.76,1505.9,62.08,123.0,1
298.92,308.12,1440.2,35.53,243.2,1
299.05,308.34,1759.5,54.23,38.5,0
301.25,311.89,1381.9,30.22,234.5,0
301.08,311.97,1476.9,32.13,139.8,0
299.56,308.23,1252.2,49.67,195.2,0
299.05,309.97,1461.7,42.48,20.7,0
299.13,311.32,1463.0,47.35,71.8,0
293.77,303.82,1695.6,29.53,189.9,0
301.83,310.84,1742.4,30.35,119.0,0
296.73,306.46,1477.5,39.59,131.0,0
306.75,317.43,1438.6,29.44,106.0,0
302.34,311.79,1890.6,48.68,213.3,1
299.35,309.62,1422.2,57.18,73.7,0
299.96,309.32,1307.1,32.52,173.7,1
298.5,309.29,1278.5,50.58,61.6,0
300.62,309.62,1516.3,27.37,147.5,1
298.27,309.41,1452.5,53.74,113.2,1
303.68,313.8,1408.8,36.36,139.0,0
298.73,306.83,1486.7,62.11,155.1,0
303.33,313.64,1545.9,58.44,169.7,1
299.63,310.66,1718.1,35.2,145.6,1
300.26,309.67,1224.1,32.16,22.6,0
298.19,310.89,1536.3,31.49,184.5,0
300.57,310.76,1582.7,38.9,216.4,1
298.35,307.86,1198.5,26.76,143.9,1
303.04,313.54,1354.6,40.24,214.6,0
299.68,309.44,1508.5,38.75,212.6,0
301.49,311.38,1764.3,52.24,211.4,1
298.06,306.71,1522.3,38.29,102.5,0
299.97,310.23,1710.2,65.33,80.4,0
299.25,309.56,1587.6,52.84,102.3,1
301.22,310.81,1565.6,58.33,152.4,1
299.89,309.0,1415.4,34.07,165.3,0
299.63,310.43,1588.4,28.42,217.8,0
301.14,311.52,1744.0,42.36,35.0,0
297.67,306.07,1617.2,40.21,218.6,0
299.63,309.43,1295.3,30.72,153.7,0
301.99,312.44,1281.3,41.26,131.2,0
303.26,313.63,1411.6,27.47,91.0,1
299.87,310.42,1621.7,48.25,66.4,0
301.85,312.02,1601.5,39.62,53.6,0
300.89,311.07,1549.4,43.13,142.3,0
301.25,311.08,1702.9,16.35,111.5,0
297.69,310.23,1817.9,26.75,34.8,0
298.84,309.14,1490.3,40.93,51.1,0
300.9,311.22,1319.8,44.4,71.3,0
301.23,311.19,1624.6,30.94,109.9,0
299.2,307.36,1622.2,30.72,17.1,0
300.32,310.51,1496.4,45.11,181.8,0
297.71,307.24,1315.7,37.91,245.5,1
300.38,309.52,1599.8,62.1,165.5,0
300.29,309.29,1540.5,38.7,190.5,0
298.23,307.6,1334.8,47.32,127.3,0
300.68,311.35,1256.8,26.6,113.9,0
300.92,309.81,1648.3,36.19,189.1,0
296.82,308.12,1597.4,33.18,121.6,0
298.68,308.09,1571.7,34.23,57.2,0
294.8,306.23,1649.7,42.11,216.9,1
299.36,309.32,1786.9,26.75,139.4,0
298.06,308.48,1337.0,45.02,187.6,1
302.53,311.56,1483.0,34.45,176.3,0
301.37,310.74,1679.4,57.87,88.4,0
305.01,314.56,1784.3,37.37,108.4,0
298.79,308.16,1616.9,46.59,50.6,1
300.01,310.59,1535.7,44.8,180.6,1
302.3,311.67,1655.0,34.79,32.7,0
299.01,307.99,1238.3,29.45,190.9,1
299.46,308.73,1461.5,34.94,93.1,0
300.96,312.34,1689.9,47.1,29.5,0
301.04,311.88,1641.1,41.87,175.1,1
299.36,308.0,1397.4,39.91,238.7,1
300.78,310.05,1431.2,40.06,231.2,0
300.16,311.34,1434.7,36.88,90.8,0
300.09,308.4,1511.3,44.71,222.5,1
299.3,311.44,1485.9,51.63,217.2,0
298.6,308.21,1540.0,50.85,222.3,0
295.29,305.31,1684.6,45.27,70.1,0
303.53,314.01,1537.5,37.09,151.5,0
299.71,310.12,1502.5,30.13,21.5,0
300.32,311.96,1410.4,38.19,155.5,0
296.76,307.39,1460.1,45.57,112.4,0
298.14,308.25,1472.9,46.23,20.2,1
302.91,311.27,1790.4,41.36,13.9,0
301.69,311.12,1690.9,24.21,38.2,0
299.23,308.47,1887.9,44.19,197.5,0
302.25,313.86,1388.9,15.06,103.6,0
299.08,309.66,1532.8,38.33,214.8,1
304.93,314.82,1642.7,30.12,148.7,1
298.42,309.11,1457.4,51.9,144.3,0
297.54,307.0,1446.5,54.65,48.0,1
303.03,314.18,1333.2,28.32,84.9,1
299.2,309.36,1392.0,47.07,20.2,0
303.23,312.46,1671.5,41.85,78.8,0
296.43,309.32,1619.1,37.04,41.5,0
300.49,309.37,1336.7,45.61,97.7,1
302.39,313.23,1606.0,39.16,184.2,1
304.61,313.21,1619.5,56.64,219.7,0
297.26,306.28,1671.9,52.74,153.7,1
299.87,311.06,1448.7,49.02,231.7,0
297.89,308.75,1691.3,64.74,34.5,1
296.63,307.46,1630.7,43.27,169.0,0
300.39,308.17,1534.1,40.87,63.4,0
301.02,311.22,1579.6,38.8,175.7,1
294.15,303.01,1328.8,42.16,117.3,0
303.18,312.6,1283.5,46.38,231.0,0
300.78,312.23,1570.9,42.18,178.1,1
302.83,311.96,1483.2,35.47,101.6,0
300.74,309.86,1663.4,23.16,234.3,1
301.05,310.25,1453.6,41.92,215.3,1
300.24,308.14,1241.5,42.4,227.9,0
299.1,308.97,1543.9,21.2,102.1,0
298.7,308.3,1339.5,24.6,154.5,0
298.5,310.02,1519.7,48.85,112.6,0
300.84,310.98,1446.1,19.55,78.6,0
301.76,312.3,1592.9,36.24,191.7,0
302.69,311.9,1524.7,37.75,133.1,0
301.94,310.65,1321.9,45.79,7.6,0
303.71,311.94,1744.3,41.85,109.8,0
298.42,309.08,1715.1,26.23,4.5,0
301.55,312.07,1332.4,18.36,212.8,0
298.53,309.49,1677.5,28.35,140.8,0
299.01,308.13,1544.8,46.35,246.5,0
301.36,310.65,1182.8,35.76,215.6,1
296.82,308.13,1678.8,36.97,77.5,0
302.51,313.7,1377.6,28.46,208.7,0
298.5,309.65,1392.7,40.55,52.2,0
298.27,308.24,1573.1,47.67,235.9,1
300.72,310.88,1820.4,51.62,244.2,0
299.46,309.54,1572.7,42.67,198.9,0
303.53,314.39,1315.6,49.49,160.0,0
297.84,308.17,1577.5,27.55,32.1,1
301.47,310.95,1478.7,19.46,235.3,1
298.91,307.56,1713.0,45.92,225.4,1
300.09,310.16,1348.2,36.72,177.6,1
299.31,309.43,1425.1,46.69,108.1,0
298.44,310.3,1392.1,39.03,100.4,0
300.42,310.55,1259.5,21.85,175.7,0
302.78,312.5,1367.1,42.5,156.9,0
300.09,308.72,1658.7,40.82,115.6,0
298.14,307.37,1488.4,40.88,106.5,0
301.13,310.48,1176.5,36.29,90.3,0
300.35,311.5,1582.7,43.03,225.4,0
300.68,310.55,1489.8,37.37,223.9,0
298.1,307.16,1631.8,24.56,109.6,1
301.06,311.37,1341.4,46.23,233.2,0
298.63,308.17,1519.8,31.46,28.4,0
299.15,308.39,1610.1,24.62,204.2,0
298.41,309.29,1389.3,20.5,176.8,0
296.57,307.4,1752.5,43.93,10.6,0
299.95,309.68,1556.7,31.53,53.5,0
297.3,307.0,1349.3,41.27,5.8,0
300.87,310.12,1028.8,47.94,237.9,1
298.02,310.26,1571.5,38.47,150.7,0
297.07,307.51,1414.2,21.45,28.7,0
299.6,309.79,1549.9,45.6,41.2,0
296.37,307.01,1542.5,37.46,100.9,0
297.67,307.32,1643.0,37.0,90.8,0
299.45,309.15,1455.1,50.13,1.1,1
301.33,309.79,1445.5,42.97,27.6,0
300.27,310.5,1714.2,44.76,107.2,0
298.68,310.01,1622.6,30.87,104.9,0
301.47,310.84,1621.3,38.7,112.5,0
299.55,311.22,1398.2,33.86,106.4,0
301.17,312.6,1331.6,49.73,120.4,1
299.96,310.06,1675.1,55.88,197.0,1
301.67,310.89,1332.8,51.83,136.4,0
299.69,308.53,1469.6,49.8,209.9,0
297.45,307.82,1529.7,66.88,99.7,1
299.57,308.6,1244.9,32.65,231.4,1
302.69,312.04,1779.2,42.76,65.0,1
300.09,310.79,1434.5,50.72,25.1,0
297.23,307.11,1525.8,40.46,116.1,0
300.07,311.41,1616.1,39.93,222.5,0
298.62,309.59,1274.4,42.45,111.0,0
302.56,312.5,1471.0,48.97,4.4,0
299.56,309.81,1459.6,40.69,99.9,0
296.51,305.82,1472.5,38.85,156.8,1
302.5,311.31,1345.3,46.68,214.4,0
298.21,308.78,1723.8,47.25,78.6,0
300.73,311.89,1662.9,19.1,144.2,1
299.33,308.17,1340.1,23.16,190.3,0
301.42,311.39,1398.0,23.36,196.7,0
304.07,316.06,1480.3,34.22,67.7,1
300.68,311.43,1583.4,19.68,210.1,1
297.47,306.24,1516.1,35.0,213.7,0
302.84,312.14,1287.4,54.55,35.3,0
301.52,311.97,1729.9,44.21,27.6,0
300.4,311.61,1458.6,30.36,212.9,1
300.03,310.94,1741.9,47.29,208.2,0
300.37,310.15,1079.4,29.37,106.0,1
301.36,311.38,1590.8,40.64,45.1,0
301.67,312.26,1643.8,56.06,141.2,1
300.49,310.76,1271.5,34.69,217.4,0
302.65,312.36,1358.1,39.89,188.6,1
299.14,307.44,1462.8,35.2,195.4,1
300.82,309.85,1536.7,45.67,202.8,1
299.41,308.95,1546.9,45.74,159.9,1
298.15,309.92,1454.5,59.94,224.9,1
297.49,306.49,1540.9,43.42,128.7,0
299.36,308.94,1327.0,55.68,209.1,0
302.52,311.98,1346.0,35.42,8.3,0
301.61,311.38,1389.9,33.47,242.5,0
299.66,309.59,1243.6,43.92,16.3,1
295.72,305.53,1608.5,38.62,227.7,0
301.24,311.58,1348.7,24.7,153.4,1
299.31,311.64,1525.6,39.65,205.3,0
303.33,312.85,1426.4,37.17,88.1,0
299.54,309.49,1425.3,51.13,145.1,0
300.49,311.38,1282.3,30.76,214.6,1
301.25,311.9,1645.2,21.14,208.3,1
298.2,307.79,1543.0,38.11,9.2,1
298.6,307.57,1599.9,62.82,54.6,0
299.02,308.39,1234.8,40.2,236.9,0
298.61,308.55,1365.9,51.97,163.4,0
301.07,309.4,1374.2,27.87,116.1,1
298.04,308.03,1358.9,35.87,159.0,0
302.66,310.98,1379.0,56.77,51.5,0
298.55,308.38,1340.1,48.42,77.9,1
305.54,315.29,1211.2,54.94,48.1,1
298.87,309.24,1546.4,34.17,52.2,0
299.51,307.58,1768.1,35.66,155.9,0
302.7,313.6,1348.2,28.19,109.5,1
299.15,309.55,1430.6,36.93,133.3,1
300.86,311.51,1428.8,26.6,127.0,0
300.86,311.25,1503.0,48.92,173.6,1
300.32,309.36,1436.5,24.41,158.5,1
298.48,307.77,1519.5,29.37,214.5,0
297.64,308.67,1758.8,44.95,182.0,0
301.66,312.03,1533.0,50.32,107.5,0
302.2,312.69,1481.2,26.63,218.0,0
299.74,308.2,1457.3,30.03,44.3,0
297.29,305.84,1551.0,34.2,12.9,0
299.1,308.7,1514.5,23.85,142.4,0
301.43,310.65,1575.7,37.72,164.2,1
302.82,312.51,1413.8,48.72,84.9,1
299.88,309.31,1591.9,46.79,229.9,1
298.13,308.21,1709.5,44.45,23.3,0
301.86,312.08,1414.3,49.66,243.4,0
301.22,310.89,1548.7,44.8,140.9,1
300.17,309.14,1676.5,34.23,189.5,0
299.21,309.52,1713.6,54.14,246.7,1
296.7,305.69,1668.3,44.29,234.2,1
299.35,310.69,1646.3,43.69,122.7,0
298.87,308.38,1456.0,35.55,74.5,0
295.87,307.09,1440.0,41.57,31.0,1
295.77,305.76,1443.4,38.22,223.9,1
298.55,308.92,1380.6,57.46,175.4,1
301.55,312.26,1103.9,31.67,2.8,0
300.34,311.04,1595.5,35.25,205.8,0
299.39,309.18,1495.7,35.99,59.7,0
301.25,313.05,1320.3,35.73,198.1,0
298.31,308.14,1366.0,39.66,32.2,0
301.12,310.71,1316.3,31.07,137.3,0
301.77,312.28,1568.6,48.88,238.5,0
301.74,311.76,1353.3,33.88,137.0,1
302.07,311.94,1459.8,35.57,187.9,0
299.44,308.8,1731.4,25.8,39.5,0
299.68,310.79,1490.3,48.43,68.8,0
298.06,308.14,1715.1,22.61,68.9,0
301.04,310.42,1556.8,38.34,79.2,0
298.75,308.98,1616.7,32.68,132.2,0
299.75,310.5,1477.8,50.71,244.8,1
299.81,310.07,1580.5,27.5,18.2,0
299.29,309.66,1475.8,33.07,144.2,0
298.63,308.54,1561.9,55.76,112.0,0
300.05,308.09,1679.6,32.49,136.0,0
300.24,311.29,1587.6,35.65,139.3,0
301.04,309.8,1650.3,35.86,113.3,0
299.04,309.31,1531.4,39.55,202.1,0
299.0,308.24,1676.5,26.68,189.2,0
300.13,311.8,1459.8,53.23,31.0,0
301.19,311.27,1555.0,53.65,161.7,0
299.76,310.49,1439.4,48.29,115.9,0
297.78,307.51,1484.1,45.06,218.8,0
300.42,309.07,1777.2,51.91,12.9,1
301.74,310.3,1799.7,51.79,137.3,1
298.16,307.34,1321.7,44.42,44.3,1
300.74,311.32,1348.9,57.24,65.5,0
301.64,311.17,1380.3,50.19,106.6,0
299.96,309.94,1356.3,49.18,205.0,1
302.82,312.69,1600.7,47.46,87.2,0
304.49,313.4,1472.4,43.37,247.3,1
299.14,311.15,1279.1,47.34,68.5,0
302.44,311.74,1372.5,42.31,213.1,1
300.94,311.04,1352.0,45.17,118.4,0
299.6,309.66,1433.4,24.36,121.9,0
300.81,309.96,1258.5,47.53,3.4,0
299.63,308.92,1444.1,29.54,157.0,1
296.93,307.2,1672.4,24.26,215.2,0
300.67,312.26,1295.0,26.06,219.9,0
302.5,313.64,1515.5,35.49,121.2,0
299.38,308.83,1518.7,49.71,103.4,0
300.38,310.0,1628.6,55.25,127.6,0
303.96,312.56,1246.2,47.96,112.4,0
299.1,309.51,1652.3,28.28,78.9,0
299.24,309.54,1226.1,50.02,58.1,0
300.37,312.77,1370.5,60.4,122.8,0
298.68,308.98,1417.7,37.78,18.3,0
299.86,308.46,1488.6,54.97,83.9,0
300.2,309.37,1610.2,25.38,244.3,1
299.57,309.27,1575.3,39.71,193.0,0
299.41,310.12,1475.7,37.8,242.5,0
302.25,312.92,1528.9,55.18,199.4,1
296.68,307.54,1702.5,64.62,205.9,1
299.9,310.18,1448.3,42.27,194.2,0
299.19,309.07,1692.9,24.11,29.8,0
300.37,310.76,1345.9,23.99,185.2,1
303.3,314.28,1459.8,15.65,247.5,1
299.2,307.82,1648.2,32.24,191.0,0
299.07,308.84,1495.1,37.81,102.6,0
299.96,310.26,1572.7,36.98,122.8,0
298.34,308.54,1584.4,38.52,147.4,0
302.41,310.92,1463.1,44.47,126.3,0
301.55,313.04,1332.9,53.45,78.5,1
297.91,308.58,1307.3,36.69,2.1,1
299.87,310.32,1301.9,43.86,197.5,0
299.35,309.59,1515.5,40.24,220.6,0
299.76,310.11,1719.2,40.02,37.5,0
297.45,308.6,1690.4,27.55,116.7,0
299.2,309.56,1583.6,29.08,213.7,0
298.37,307.21,1281.0,41.88,202.8,0
298.95,309.36,1728.4,38.0,84.3,0
299.03,309.17,1338.7,43.37,207.6,1
297.32,306.43,1253.5,26.93,71.2,0
300.4,310.72,1522.3,36.98,131.8,0
299.41,310.04,1504.2,67.63,122.4,1
297.15,306.94,1454.7,55.87,239.6,1
301.73,310.6,1525.9,44.66,217.8,0
299.08,310.16,1333.5,43.23,133.9,1
301.52,310.68,1129.1,47.81,67.2,0
301.65,311.98,1527.0,30.44,195.2,0
300.34,310.29,1327.9,37.85,116.5,0
301.87,312.37,1845.8,29.84,66.8,0
296.82,307.22,1496.6,46.12,82.9,0
298.87,308.17,1557.8,51.21,228.3,0
299.11,308.79,1500.5,37.8,249.6,1
297.82,308.93,1544.3,43.95,3.9,0
298.85,309.76,1436.7,34.6,117.1,0
296.62,306.02,1578.4,33.47,247.5,0
298.56,309.54,1383.7,32.99,34.2,0
304.33,315.39,1653.7,51.69,73.1,0
302.44,311.3,1325.2,33.9,93.6,1
299.14,308.9,1540.3,42.51,54.9,0
300.16,310.01,1427.5,26.92,16.0,0
301.37,310.73,1414.6,45.92,84.0,0
303.11,313.36,1559.5,44.4,4.1,0
301.06,309.99,1517.3,39.7,166.4,0
299.19,310.02,1718.8,40.81,108.2,0
300.64,310.62,1784.4,26.39,13.6,0
300.86,311.85,1465.7,39.55,147.9,1
297.6,308.05,1581.7,29.06,13.4,0
298.31,307.85,1771.3,48.96,180.3,0
299.27,309.06,1479.5,32.22,236.5,0
298.58,307.76,1533.6,31.54,170.0,0
301.87,312.24,1332.4,39.59,72.4,0
302.2,313.78,1794.5,43.33,159.3,1
300.44,311.4,1392.3,47.96,169.5,0
299.54,310.35,1608.6,48.99,14.9,0
297.94,308.17,1242.2,50.47,8.7,1
295.52,306.35,1524.6,42.65,205.6,1
298.59,307.74,1598.5,32.78,237.0,0
301.26,311.61,1308.4,55.77,106.4,0
298.87,310.67,1803.3,58.31,69.3,1
295.04,303.0,1676.3,35.91,112.8,1
301.74,311.96,1366.5,30.39,227.3,0
298.7,308.93,1706.5,47.63,214.9,0
297.86,307.07,1603.3,37.65,143.8,0
299.86,311.58,1766.3,43.08,53.8,0
301.69,312.29,1727.3,34.58,101.0,0
302.23,312.98,1324.1,36.88,51.0,0
301.05,311.3,1321.1,36.07,71.3,0
296.4,306.01,1616.0,31.27,2.0,0
302.87,313.06,1599.3,25.01,167.2,0
298.61,310.6,1650.2,35.43,189.6,0
298.64,308.34,1410.4,41.1,84.2,0
298.35,309.37,1617.3,48.39,61.5,1
301.84,312.7,1302.6,35.34,130.3,0
300.43,311.09,1578.6,30.62,106.8,0
303.09,313.69,1704.2,40.65,180.5,0
297.89,308.24,1494.5,28.7,64.7,0
301.65,312.59,1575.7,34.59,114.2,0
298.15,307.69,1572.2,30.12,137.6,0
300.25,310.03,1461.1,41.24,140.1,0
300.55,311.12,1539.3,52.34,76.5,0
298.66,307.56,1334.3,44.34,64.7,0
296.87,306.68,1611.9,41.56,187.0,0
301.77,313.55,1295.3,39.48,223.7,0
299.31,309.1,1393.9,45.45,93.0,0
301.98,312.43,1637.7,36.9,53.3,0
298.22,307.78,1315.1,58.54,153.3,1
300.55,312.11,1589.9,41.76,74.8,0
302.72,311.84,1324.1,44.06,94.0,0
295.08,304.1,1483.0,55.99,170.0,0
300.56,308.93,1495.3,43.34,89.8,1
298.28,307.74,1584.4,38.93,205.9,1
304.07,313.85,1765.4,20.41,14.5,0
299.44,309.56,1566.7,44.34,59.3,0
299.57,307.55,1261.7,47.22,148.1,0
299.44,309.31,1570.9,12.78,36.7,0
297.72,307.88,1597.0,41.66,48.9,0
298.29,308.02,1342.2,35.24,93.3,0
296.61,305.91,1593.9,42.34,100.1,1
298.77,307.94,1533.9,51.18,113.8,0
299.67,308.5,1525.7,39.14,221.0,0
300.07,309.21,1431.5,25.92,219.2,0
295.88,306.22,1590.4,34.14,156.1,1
297.01,306.84,1542.5,38.98,130.0,0
301.06,308.6,1400.9,51.53,44.7,0
303.54,314.45,1596.0,43.56,92.8,0
304.0,312.95,1583.3,59.86,51.3,0
301.47,312.09,1405.6,69.14,28.5,0
299.51,308.88,1536.2,38.99,195.9,0
300.47,312.58,1374.6,37.34,123.4,0
302.91,314.79,1582.0,45.98,222.5,1
300.98,311.03,1499.9,51.97,96.9,1
298.85,309.0,1663.9,40.19,53.4,1
301.34,311.23,1213.0,30.35,110.1,0
304.55,314.88,1466.8,53.91,204.4,0
295.88,306.31,1691.2,49.25,139.5,0
298.0,307.02,1377.4,48.9,77.5,1
297.02,307.17,1674.2,38.15,154.0,0
298.72,307.03,1454.5,47.56,249.5,1
299.04,309.56,1743.3,34.8,156.1,1
300.04,308.43,1452.3,41.52,8.8,0
301.06,310.29,1507.4,26.48,23.3,0
299.54,310.16,1497.9,38.04,6.2,0
300.08,310.98,1588.7,38.44,173.2,0
299.32,310.25,1539.6,27.16,159.3,1
298.48,309.05,1517.8,43.92,211.8,1
295.32,306.42,1509.1,43.53,216.7,1
300.24,310.56,1486.0,40.09,10.0,0
298.91,308.39,1372.3,29.3,90.0,0
298.24,308.07,1515.5,37.29,134.3,0
304.1,313.25,1459.2,52.33,160.3,1
303.78,312.81,1535.8,27.26,245.3,0
301.58,311.61,1419.8,40.93,146.7,0
298.87,309.68,1401.9,49.15,48.6,0
299.87,310.09,1742.3,54.89,140.1,0
300.5,311.1,1655.6,37.25,45.3,0
301.25,311.32,1672.7,44.55,163.4,0
298.45,307.92,1784.3,38.5,56.8,1
297.48,307.08,1342.5,35.42,26.6,0
299.1,307.1,1402.3,30.32,50.2,1
301.48,312.44,1303.4,55.69,227.3,0
300.28,308.76,1479.9,31.4,145.4,1
295.89,306.15,1585.4,40.53,51.5,0
299.28,309.4,1513.1,32.69,26.2,0
303.52,314.08,1591.1,29.26,45.6,0
297.26,309.03,1383.9,37.76,28.1,1
300.17,310.22,1727.0,47.76,190.5,1
299.66,309.51,1852.4,49.5,135.9,0
299.41,308.76,1480.6,34.43,47.1,0
303.62,314.2,1126.3,52.17,96.8,0
299.11,309.65,1633.6,48.1,104.8,0
299.46,307.59,1490.5,39.21,126.0,1
299.12,309.7,1405.8,38.0,142.2,0
302.31,312.5,1500.4,41.78,86.3,0
305.83,316.31,1502.8,53.13,229.1,1
302.11,312.51,1502.0,39.87,168.8,0
299.14,308.68,1210.9,36.13,166.3,0
299.16,310.18,1547.3,39.52,196.0,1
299.72,310.64,1428.2,25.55,179.0,1
299.36,308.82,1486.9,34.17,206.9,0
302.11,313.05,1323.5,52.51,42.4,1
298.94,311.57,1435.5,56.78,84.7,0
298.1,307.41,1433.2,37.43,86.7,0
298.36,309.52,1683.6,49.49,145.3,1
299.65,309.84,1354.8,34.88,150.3,0
298.01,309.17,1785.1,43.93,105.3,0
300.82,311.36,1525.6,33.87,58.8,0
301.14,311.21,1463.6,49.62,72.9,0
300.38,308.81,1519.1,30.05,0.3,1
297.82,307.14,1394.1,37.39,129.2,0
300.37,308.9,1557.3,51.07,158.4,0
301.56,311.63,1503.4,47.64,76.4,0
297.31,307.14,1500.2,62.8,25.8,0
299.81,308.4,1524.8,49.66,170.4,0
301.66,309.79,1797.8,33.44,12.6,0
296.22,306.15,1534.3,39.14,45.7,0
300.21,308.24,1463.6,50.58,186.0,0
299.13,309.95,1256.6,27.87,208.2,1
299.83,309.64,1600.9,58.43,109.1,1
297.21,307.4,1510.4,11.89,225.3,0
301.21,310.82,1344.1,31.32,95.4,0
297.4,305.94,1651.4,24.85,41.1,0
300.71,311.1,1676.2,39.22,61.8,0
300.08,309.92,1845.0,25.59,224.8,0
300.17,310.46,1469.7,41.28,40.2,0
299.04,310.67,1222.8,34.78,151.8,1
300.93,309.78,1329.3,32.82,222.2,1
297.82,310.62,1426.9,17.82,66.6,0
302.55,311.22,1483.6,41.33,210.1,1
299.44,309.07,1487.8,48.35,19.4,0
301.12,310.66,1614.6,43.93,199.2,0
302.38,311.71,1371.6,28.14,27.0,0
299.67,310.01,1138.0,44.58,240.0,1
302.27,311.6,1469.5,51.22,94.5,0
300.67,310.87,1381.6,47.38,222.1,1
302.56,310.67,1436.8,44.48,196.1,0
301.78,312.0,1455.8,27.81,208.2,0
302.6,311.89,1639.6,58.11,132.5,0
299.08,309.68,1322.8,38.03,149.0,1
298.41,307.22,1430.9,39.72,23.0,0
298.63,310.42,1561.6,47.69,2.0,0
298.42,308.65,1794.5,43.35,59.3,0
302.24,312.05,1421.5,32.58,111.4,0
298.3,309.75,1715.1,31.13,56.5,0
298.01,308.48,1513.6,47.53,199.1,0
301.9,310.18,1601.6,39.92,186.9,1
296.77,309.2,1481.0,42.23,67.5,0
297.05,306.54,1665.4,41.78,207.8,1
300.77,309.01,1250.6,25.03,75.7,0
296.72,306.46,1681.7,34.95,208.6,0
299.4,307.5,1464.4,43.29,169.6,0
302.76,314.9,1578.2,19.16,202.8,1
301.26,310.67,1313.9,36.0,189.7,0
300.06,309.17,1472.6,34.45,150.3,0
295.77,307.01,1280.5,36.2,114.0,0
300.09,310.84,1724.1,42.01,78.7,1
301.01,310.99,1363.8,44.51,33.3,0
301.28,310.57,1434.7,25.22,230.1,1
299.77,310.8,1697.1,18.72,60.9,0
298.96,308.43,1352.3,7.67,4.6,0
299.29,308.27,1338.6,47.28,105.8,0
301.94,312.09,1376.0,36.08,122.3,0
299.04,309.35,1453.9,39.52,8.4,0
296.21,306.05,1548.8,51.0,113.5,1
299.84,307.24,1688.2,52.52,212.0,1
299.36,310.96,1733.5,49.33,128.2,1
304.36,314.0,1801.5,48.03,153.2,0
301.76,313.11,1799.1,42.17,112.4,1
304.12,315.48,1489.2,42.44,98.5,0
298.52,309.33,1737.1,49.17,117.8,0
299.69,310.72,1585.0,36.92,215.4,0
299.48,308.99,1508.2,44.41,93.3,1
299.76,310.75,1558.2,38.37,212.4,1
300.09,311.31,1414.8,45.13,143.3,1
299.91,311.36,1564.3,29.19,21.4,0
299.8,310.01,1431.0,36.61,236.5,0
302.0,312.88,981.9,39.19,27.5,0
296.85,307.22,1332.7,37.22,196.3,0
299.63,309.4,1542.3,25.7,196.8,0
298.88,308.63,1746.8,37.65,55.4,0
298.96,309.48,1406.0,28.7,79.5,0
298.34,308.93,1442.8,37.93,164.2,0
298.58,308.85,1674.3,49.01,53.2,0
299.59,309.2,1378.0,32.3,48.2,0
296.37,307.16,1431.6,44.62,116.2,0
299.98,309.65,1492.5,54.72,21.6,0
302.91,313.44,1543.7,26.8,203.6,1
301.38,311.99,1712.9,20.5,197.7,0
298.06,307.16,1608.9,30.36,21.2,0
301.73,312.81,1374.3,31.55,157.2,0
300.96,311.3,1625.6,41.67,202.1,1
299.94,310.46,1449.6,42.69,99.0,1
298.13,307.11,1532.8,37.31,2.3,0
298.15,307.61,1272.8,45.49,64.7,0
304.34,314.17,1490.0,39.23,61.8,0
299.85,310.19,1284.5,45.5,122.6,1
295.24,304.51,1561.8,32.02,248.2,0
303.25,311.89,1753.8,37.4,32.0,0
296.39,306.49,1461.4,28.18,32.8,0
299.19,311.04,1325.1,41.03,34.9,1
300.5,310.54,1457.9,34.71,217.4,1
295.02,305.68,1332.5,29.52,76.5,0
300.69,311.27,1659.8,46.05,64.3,0
298.49,310.72,1396.1,50.26,160.8,0
299.52,310.46,1504.2,32.46,86.5,0
300.7,310.83,1054.0,27.34,163.6,0
299.45,309.0,1535.8,45.88,3.4,0
301.27,310.24,1591.5,44.75,73.0,0
300.18,310.93,1620.4,56.3,30.7,0
301.5,310.92,1663.4,43.82,128.9,1
301.38,311.18,1584.5,35.65,34.8,0
301.89,312.08,1749.8,38.21,201.2,0
300.57,310.73,1309.9,37.94,12.0,0
298.81,308.39,1303.1,42.41,9.7,0
296.5,307.63,1507.6,42.1,45.9,0
302.22,312.98,1662.7,37.88,37.7,0
299.02,308.76,1399.6,32.59,229.4,0
299.73,308.96,1641.2,40.77,249.4,1
299.09,309.31,1754.5,28.65,87.7,0
301.11,309.49,1614.5,49.22,241.0,1
297.11,307.21,1732.7,42.64,223.9,0
298.79,309.37,1249.9,49.91,2.3,0
299.54,309.36,1427.5,46.86,71.2,1
299.77,310.21,1524.6,32.57,47.3,0
301.88,311.52,1621.1,38.53,124.5,1
302.91,312.32,1472.0,61.71,197.6,1
299.6,310.35,1502.8,65.66,245.4,1
301.65,310.91,1374.1,33.24,236.1,0
300.62,310.28,1369.1,26.91,54.2,0
296.42,307.43,1690.7,36.73,222.0,0
300.89,309.36,1385.4,49.71,102.3,1
297.77,307.84,1401.7,41.95,47.4,1
298.82,308.59,1733.6,29.57,147.2,0
301.08,310.65,1698.5,39.67,101.5,0
300.03,310.56,1743.6,38.33,220.1,0
299.88,310.04,1410.4,46.17,136.4,0
298.99,307.93,1683.1,57.39,30.2,0
301.36,309.48,1578.3,34.57,243.0,0
298.8,308.25,1744.4,37.04,70.4,1
300.07,309.68,1482.5,44.89,105.0,0
300.98,312.68,1547.2,46.24,183.8,0
297.96,306.88,1394.8,49.76,140.7,0
301.45,310.88,1315.9,44.03,135.5,0
298.08,306.9,1419.3,38.17,246.5,1
300.12,309.95,1718.5,27.15,89.1,1
302.37,313.27,1395.9,43.42,164.2,0
296.95,305.0,1777.8,37.03,77.2,0
299.19,309.03,1598.3,58.06,87.4,0
300.67,312.51,1671.1,9.02,159.1,0
297.46,308.42,1483.8,38.87,159.8,0
299.51,310.51,1577.7,33.33,208.1,0
300.52,311.46,1445.7,41.79,124.1,1
296.12,305.84,1481.7,41.37,88.1,0
302.01,312.56,1623.8,22.74,19.3,0
299.18,308.94,1613.7,36.27,86.8,0
296.17,307.95,1572.6,39.58,74.0,0
297.67,309.53,1497.4,32.79,203.3,1
300.9,310.31,1573.0,56.77,117.1,0
300.55,310.96,1574.6,44.95,160.7,0
302.21,312.08,1596.3,36.17,97.2,0
299.05,308.4,1785.3,38.92,246.6,0
301.72,308.95,1907.2,55.02,129.4,0
298.11,308.77,1511.4,22.31,43.9,0
300.33,310.46,1467.6,51.38,189.7,0
299.1,310.63,1490.2,51.63,206.8,0
300.43,310.33,1685.6,37.42,118.4,0
301.07,311.84,1500.2,20.62,105.6,0
299.08,308.02,1417.0,34.26,46.8,0
302.87,312.82,1640.2,41.64,159.1,0
302.19,313.43,1780.5,35.01,17.4,0
300.75,311.24,1619.4,32.43,3.2,0
301.42,312.19,1783.4,40.11,38.9,0
298.68,308.92,1484.8,26.66,163.4,0
299.38,309.04,1403.3,32.71,56.6,0
303.29,312.17,1720.9,36.69,179.8,0
302.35,314.19,1234.3,27.7,74.2,0
298.42,307.37,1512.9,45.05,246.9,0
298.55,306.38,1351.1,34.51,35.8,0
297.43,307.12,1363.3,36.66,114.1,0
298.3,306.99,1477.0,31.34,245.8,1
301.59,311.23,1592.8,51.25,214.1,1
299.86,309.06,1557.1,46.91,190.1,0
301.61,311.66,1551.2,43.23,168.3,0
300.27,310.94,1380.5,35.42,207.4,1
300.78,311.2,1303.8,54.16,76.0,1
300.46,309.73,2006.7,45.16,231.7,1
298.62,308.51,1522.5,54.65,7.3,0
300.22,309.77,1459.0,53.44,138.6,0
300.93,312.18,1582.1,26.67,157.1,0
301.47,312.89,1508.0,46.28,168.0,0
299.52,308.7,1613.6,49.86,10.0,0
298.28,308.37,1466.0,46.49,179.9,0
303.94,313.2,1308.3,28.5,106.1,0
300.48,310.22,1333.6,23.19,223.5,1
306.21,315.97,1484.5,27.23,242.8,0
297.14,305.72,1469.5,38.39,185.1,0
298.53,309.31,1307.7,29.12,226.5,1
297.24,307.65,1578.8,16.11,228.7,0
299.44,309.48,1390.9,38.5,101.3,0
298.72,307.64,1557.0,45.71,54.8,0
300.37,310.0,1706.3,34.35,111.3,0
298.72,306.69,1560.3,42.49,12.4,0
298.97,309.0,1651.7,39.17,90.4,0
300.37,310.98,1465.2,36.58,98.5,0
299.96,308.67,1589.6,39.63,108.4,0
299.46,309.81,1173.0,39.43,100.0,1
302.15,311.7,1699.1,13.19,245.6,0
299.96,309.25,1418.4,44.27,152.9,0
301.05,310.68,1320.9,27.92,149.5,1
298.84,307.98,1228.1,29.67,131.2,1
302.66,314.64,1303.1,50.52,31.6,1
301.18,311.61,1413.4,24.9,124.6,0
304.15,314.58,1492.2,32.82,206.9,0
297.67,307.51,1430.3,54.24,46.0,1
300.1,310.8,1437.6,49.28,83.8,0
300.03,310.37,1443.8,35.2,120.5,1
299.9,309.32,1712.1,35.9,88.7,0
298.37,308.55,1534.0,52.98,121.2,0
299.29,309.08,1635.3,32.32,213.2,0
301.18,312.44,1779.4,41.25,97.7,1
300.94,311.85,1551.2,58.78,221.3,0
298.66,307.27,1494.0,55.33,222.3,1
297.53,306.08,1486.4,49.91,129.0,0
297.55,306.64,1377.0,43.36,219.8,0
298.73,309.3,1627.3,56.04,46.1,0
298.74,307.17,1645.7,53.95,133.1,1
301.51,312.29,1691.7,45.25,83.6,1
300.55,311.46,1527.9,52.96,54.6,1
295.66,306.37,1465.0,59.06,209.0,0
302.35,313.49,1564.5,45.09,82.6,0
297.76,307.87,1326.3,41.26,138.3,0
297.63,309.24,1660.4,39.96,27.1,0
298.93,309.4,1423.4,54.27,218.1,0
299.16,309.18,1411.3,43.29,197.3,0
299.06,308.05,1664.5,35.72,47.7,0
301.11,312.19,1409.1,30.57,32.9,0
297.5,307.01,1503.6,37.13,143.4,0
300.03,310.89,1254.5,65.23,67.2,1
299.75,309.13,1510.9,33.57,76.8,0
297.79,307.89,1418.4,29.22,153.4,0
299.47,308.74,1545.9,38.17,213.1,0
301.33,313.93,1571.6,30.83,135.4,1
301.61,311.31,1691.7,43.91,106.9,0
299.67,308.7,1826.6,21.75,26.4,0
300.25,308.84,1143.2,54.71,193.0,0
304.85,315.22,1646.6,41.8,4.3,0
301.44,311.28,1411.6,19.02,245.4,0
303.02,310.05,1576.5,47.18,66.3,0
299.97,309.6,1281.6,61.04,193.7,0
300.53,312.21,1181.4,33.1,157.4,0
297.85,308.5,1423.8,48.15,46.7,0
303.1,312.47,1515.2,32.46,72.6,0
301.02,311.99,1549.2,2.43,59.8,1
297.35,309.45,1190.8,32.0,4.2,0
295.84,306.12,1390.3,24.81,33.0,0
303.9,313.98,1677.4,45.07,113.0,0
302.75,312.84,1760.0,33.78,108.7,0
302.97,312.5,1424.5,29.86,56.0,0
297.5,306.85,1701.4,43.58,196.7,0
296.68,308.23,1577.0,47.5,187.3,1
299.71,308.31,1501.9,51.37,170.9,0
302.28,312.57,1587.8,23.29,30.8,0
302.21,313.12,1515.5,37.32,103.7,1
299.57,308.57,1446.1,27.0,96.1,0
301.71,312.45,1456.7,40.65,232.8,0
299.0,309.53,1345.5,64.46,105.0,0
299.69,310.65,1535.2,45.34,117.0,0
297.55,307.68,1497.2,38.83,34.3,0
301.32,310.42,1468.8,53.55,126.6,0
300.6,308.94,1596.9,54.74,98.0,1
300.55,310.18,1702.4,32.21,128.2,0
300.83,311.07,1510.2,48.18,127.9,0
300.36,310.26,1339.9,38.79,108.2,0
300.01,308.93,1211.2,47.27,17.9,0
299.18,310.22,1486.5,56.09,50.3,0
299.3,308.46,1488.0,33.88,113.0,0
301.25,309.5,1560.9,35.0,83.1,0
303.21,313.89,1267.3,55.05,125.8,1
300.9,311.22,1463.3,31.58,194.0,0
296.27,305.51,1759.4,25.09,250.0,1
297.06,307.03,1750.6,62.05,51.3,0
302.15,313.02,1378.5,27.49,247.6,0
302.66,312.02,1713.7,37.7,192.3,0
301.78,312.2,1518.1,46.62,59.4,0
302.86,312.3,1341.5,44.95,12.8,0
297.76,308.59,1752.1,39.98,140.7,0
298.57,307.74,1525.9,68.46,50.8,0
299.96,310.3,1781.3,41.05,48.2,1
297.77,308.69,1455.9,42.01,220.3,1
302.07,310.76,1157.5,37.87,161.4,1
300.38,311.12,1431.3,52.12,118.0,0
299.53,310.55,1441.2,40.28,39.6,0
302.72,313.6,1336.8,42.52,111.4,0
299.87,307.64,1550.5,44.52,21.0,0
299.86,310.84,1407.2,44.19,167.7,0
299.29,307.76,1470.8,36.95,25.0,0
297.99,308.32,1583.2,26.69,7.0,0
300.08,310.84,1481.9,36.5,19.2,0
303.23,312.21,1153.2,34.01,29.8,0
299.23,308.98,1450.3,42.79,148.8,0
297.65,306.97,1401.9,61.21,100.0,1
299.51,312.09,1581.5,21.92,167.4,1
299.93,309.48,1661.6,41.78,220.7,1
299.73,309.01,1334.4,42.6,191.4,1
300.83,311.08,1576.4,49.78,223.6,0
300.27,309.66,1425.5,40.74,128.4,1
297.55,307.98,1625.2,26.52,117.1,0
299.2,310.11,1443.6,42.61,6.9,1
298.11,307.19,1585.5,48.64,245.4,0
298.72,310.38,1647.7,47.91,234.6,0
300.69,310.04,1503.0,25.2,170.1,0
301.15,309.7,1376.3,27.99,110.4,0
294.92,306.39,1214.2,39.36,39.7,0
302.77,313.17,1375.0,50.66,237.9,1
298.06,309.26,1531.1,21.58,19.8,0
300.16,311.7,1557.8,12.92,53.5,0
300.76,310.8,1471.4,36.23,60.7,0
298.67,307.3,1530.5,25.89,159.2,1
294.66,305.55,1492.0,26.1,100.3,1
301.29,312.01,1511.6,48.89,214.5,0
300.08,309.39,1668.9,41.23,24.4,0
298.95,307.5,1439.1,30.53,207.5,0
301.44,311.65,1357.4,39.13,114.5,0
302.35,310.47,1450.8,39.58,248.5,0
296.87,309.45,1577.1,34.81,65.2,0
298.71,309.55,1502.8,34.79,49.2,0
301.4,312.68,1574.7,34.71,160.4,0
301.93,312.42,1330.9,64.49,159.2,0
298.2,307.63,1297.6,45.91,20.0,0
302.61,311.9,1460.7,16.64,101.8,0
297.41,308.77,1751.9,16.56,185.5,0
301.31,311.64,1652.6,35.37,174.4,1
297.82,309.02,1531.4,41.49,54.6,0
297.26,308.85,1498.2,42.84,57.1,0
303.09,311.9,1526.3,32.83,232.8,0
300.69,310.36,1574.4,54.83,195.7,1
299.52,309.86,1805.5,47.54,42.2,0
299.98,310.42,1751.5,47.26,131.3,1
299.55,307.82,1532.2,35.59,98.4,1
301.58,312.1,1685.4,19.8,56.9,0
304.44,314.27,1469.4,47.2,191.3,0
301.42,311.58,1254.7,30.81,221.8,0
299.77,309.76,1314.3,36.11,156.1,0
299.72,311.74,1516.7,36.73,210.5,0
301.6,312.13,1532.3,38.34,80.5,0
300.34,310.82,1386.1,31.79,116.6,0
298.91,309.76,1212.6,29.7,200.6,1
303.92,314.23,1343.6,43.69,211.2,1
301.69,310.79,1353.4,28.45,77.5,0
300.73,312.34,1447.1,47.01,173.0,1
298.75,309.2,1435.4,15.07,88.9,0
302.36,311.23,1605.0,30.5,233.8,0
304.02,315.19,1620.3,25.05,244.8,0
303.12,313.78,1396.4,39.14,199.4,0
300.1,308.87,1350.4,62.82,85.2,0
296.14,305.81,1201.9,31.28,141.6,1
297.2,307.2,1666.4,39.31,5.5,0
301.03,312.95,1561.4,35.74,92.2,0
301.71,311.17,1617.0,42.71,157.5,0
301.42,311.92,1401.2,41.74,127.1,0
300.4,310.05,1590.6,40.62,45.8,0
297.38,307.86,1722.2,47.59,180.6,0
300.7,311.01,1466.5,33.97,171.8,0
297.23,307.22,1175.8,52.31,97.5,1
299.24,310.51,1346.5,54.22,234.7,0
301.89,312.33,1409.0,53.35,119.7,1
298.82,307.94,1546.6,42.19,181.1,0
298.28,308.21,1476.5,34.48,116.0,1
300.24,311.43,1543.1,36.43,177.5,0
303.12,316.07,1537.6,33.37,227.8,0
299.5,309.08,1457.2,45.32,163.5,0
304.74,315.59,1247.4,32.91,12.1,0
301.72,312.57,1673.5,53.75,60.9,0
296.11,306.02,1666.8,34.48,229.7,0
300.12,311.02,1597.7,33.87,53.4,0
298.23,307.46,1196.8,41.7,38.5,1
302.11,311.98,1650.9,41.88,49.0,0
300.55,309.34,1808.5,35.29,198.7,1
297.39,306.94,1353.7,41.28,72.2,1
299.08,307.77,1669.0,56.02,177.1,0
298.43,308.76,1394.9,36.05,210.7,1
298.44,309.09,1534.1,39.23,148.5,0
298.72,309.54,1595.9,33.47,171.5,0
301.1,313.0,1745.3,44.41,67.5,0
301.76,311.41,1568.2,21.22,175.7,1
302.34,312.09,1593.4,48.23,115.8,0
301.97,310.38,1474.2,30.6,116.2,0
299.27,309.2,1367.4,41.43,208.6,1
299.49,311.11,1636.7,38.38,72.1,0
300.98,311.45,1442.5,36.72,6.5,0
301.51,310.79,1620.1,30.91,63.0,0
300.42,310.37,1401.5,26.44,75.3,1
299.95,308.95,1724.7,30.68,204.4,0
299.01,309.05,1416.6,41.49,154.1,0
298.0,308.61,1412.5,49.37,146.7,0
299.5,310.08,1611.1,46.7,232.5,0
299.4,308.97,1549.4,59.68,20.8,0
300.35,308.52,1568.3,47.73,155.5,0
296.19,306.15,1465.5,30.38,7.1,0
299.34,307.94,1418.0,39.02,147.3,0
298.4,308.49,1396.2,52.9,184.6,1
298.61,308.45,1767.7,38.35,98.3,0
301.39,310.63,1517.9,16.41,90.8,0
301.72,310.89,1374.5,21.34,100.9,0
300.9,311.14,1447.5,60.52,194.8,1
298.92,309.09,1692.6,38.3,78.3,0
301.55,311.33,1570.7,49.63,66.7,0
299.36,308.75,1392.6,40.85,34.1,0
300.93,309.81,1641.2,61.48,62.6,0
298.45,308.2,1546.4,37.87,244.9,0
301.32,311.56,1455.6,40.91,249.2,1
300.59,309.94,1405.6,25.6,161.5,1
296.84,306.44,1316.8,27.24,239.8,1
299.61,311.02,1582.4,34.7,39.3,1
298.87,307.66,1497.5,29.41,69.1,0
296.93,309.11,1355.1,38.38,35.3,0
299.16,308.88,1520.5,34.35,178.8,1
302.96,311.91,1547.6,41.55,16.2,0
300.62,311.01,1379.2,41.44,68.3,0
301.07,309.29,1464.5,38.66,182.7,0
299.13,307.3,1538.5,36.84,141.4,0
299.98,310.92,1605.1,41.23,80.8,1
299.11,308.98,1739.0,46.41,193.4,0
299.63,308.47,1576.6,29.82,39.5,0
299.62,309.91,1616.1,35.4,114.6,1
299.99,309.55,1271.2,45.52,140.9,0
297.43,306.26,1513.9,37.16,133.7,0
301.78,311.69,1500.5,34.75,78.5,0
301.13,310.41,1596.0,29.92,87.3,0
301.5,311.52,1500.0,34.43,213.6,0
296.81,307.44,1744.8,30.74,222.7,0
297.76,307.03,1371.1,32.75,49.0,0
299.29,308.86,1614.2,46.72,26.2,0
299.37,310.53,1576.2,24.09,205.5,0
300.67,310.91,1460.8,39.59,219.8,0
300.02,310.01,1331.8,25.49,9.8,0
301.47,311.14,1489.4,36.42,7.8,0
297.79,307.36,1580.0,36.5,109.0,0
301.25,309.67,1435.6,33.62,136.6,0
301.52,310.41,1733.9,39.51,237.1,0
299.33,308.56,1369.1,35.48,202.6,0
299.81,311.42,1395.1,40.6,138.9,1
300.7,312.08,1629.3,27.92,90.4,0
298.35,311.32,1720.1,32.03,221.0,0
303.81,313.92,1484.0,51.55,208.7,0
299.27,308.92,1628.8,43.65,223.1,0
300.77,312.96,1670.5,31.61,133.0,1
296.94,308.5,1511.3,44.89,234.4,1
300.04,309.91,1646.1,48.63,226.2,0
299.03,309.0,1392.7,39.55,130.5,0
299.05,308.93,1341.0,23.9,247.5,1
300.44,309.01,1789.4,38.97,27.6,0
302.67,312.42,1784.9,40.5,186.4,0
301.09,310.73,1282.5,37.99,216.4,0
303.04,312.54,1175.2,48.81,202.5,0
296.41,307.8,1703.9,26.34,230.5,1
300.44,309.29,1615.3,47.89,131.4,0
302.69,313.34,1571.0,46.16,88.5,0
299.89,309.7,1479.8,39.34,172.1,0
301.0,309.38,1483.0,41.32,66.2,0
300.2,309.45,1377.2,31.96,247.7,0
301.3,311.79,1655.8,42.02,161.4,0
299.86,310.0,1747.9,48.29,98.2,0
295.08,304.94,1675.8,39.07,161.4,0
300.11,309.51,1450.4,19.72,199.7,0
297.23,306.7,1472.4,45.06,74.3,0
301.27,310.76,1333.8,47.54,94.2,0
306.57,317.35,1459.9,48.69,227.1,0
303.21,312.83,1104.6,31.11,160.2,0
297.28,307.07,1355.8,39.48,196.3,1
297.99,309.35,1797.2,57.44,74.4,1
297.09,309.13,1439.3,38.15,63.2,0
300.39,309.0,1741.1,55.05,97.0,0
302.39,312.11,1546.0,39.85,109.9,0
299.12,309.27,1641.7,44.12,235.6,0
297.13,309.33,1322.8,42.2,214.0,0
299.79,310.66,1393.8,35.67,170.9,0
301.17,310.9,1674.0,53.62,139.9,0
303.63,313.96,1523.7,34.68,191.2,1
301.4,312.13,1476.9,43.19,172.3,0
300.38,310.31,1499.2,30.47,107.0,0
302.28,310.92,1560.0,33.19,245.1,0
300.74,311.05,1290.5,28.8,129.3,0
298.05,309.02,1567.3,57.48,27.2,0
299.84,310.58,1501.1,57.41,151.1,0
298.07,307.44,1161.5,56.07,97.5,1
302.42,313.51,1480.7,36.38,102.9,0
299.58,309.26,1441.7,42.23,5.1,0
299.05,310.76,1314.5,43.92,195.5,0
300.19,310.74,1330.7,52.64,95.4,0
300.55,310.7,1684.9,45.48,42.9,0
300.33,308.86,1568.9,29.0,72.9,1
301.18,311.74,1301.7,38.5,161.7,0
297.97,307.37,1559.2,43.58,64.7,0
297.74,306.99,1500.9,49.0,164.0,1
303.63,312.46,1264.0,28.8,158.6,0
296.74,307.46,1443.4,29.93,103.8,0
301.44,311.66,1501.6,26.0,107.4,0
298.18,308.99,1641.2,42.32,227.7,1
299.62,309.91,1549.1,41.55,46.7,0
302.65,313.38,1530.9,46.0,242.6,1
297.45,306.14,1167.9,48.18,0.4,0
301.81,312.65,1382.9,52.44,130.6,0
297.95,308.12,1520.3,37.77,2.4,0
300.04,310.62,1229.2,50.01,210.9,0
297.34,306.57,1447.7,49.94,4.2,0
303.21,312.07,1434.3,24.18,14.2,0
302.96,313.47,1255.8,22.3,22.1,0
299.08,308.69,1915.8,22.65,237.2,0
300.33,309.62,1761.2,68.43,218.3,1
297.65,308.96,1640.6,24.7,43.1,0
298.96,306.38,1566.7,39.62,11.4,0
300.21,310.79,1451.5,53.74,113.5,0
298.56,307.94,1641.5,39.91,80.6,0
302.63,313.59,1550.1,54.57,100.6,1
300.19,310.58,1370.3,52.75,167.5,1
298.28,307.46,1527.3,58.24,170.8,1
301.31,309.78,1817.7,27.75,72.7,0
301.76,312.38,1368.4,29.44,165.3,0
302.18,313.23,1359.3,55.99,98.7,0
298.66,308.18,1412.1,42.77,234.4,1
300.53,310.77,1471.9,48.32,211.7,1
298.37,309.18,1457.7,41.07,209.5,0
301.05,310.17,1307.8,39.28,182.4,0
298.56,307.36,1244.5,45.34,94.5,0
299.07,309.53,1463.7,34.1,106.1,0
295.65,306.38,1203.9,28.56,161.9,0
300.02,310.55,1258.3,30.8,24.3,1
296.22,305.43,1444.2,33.11,221.6,0
302.16,311.16,1312.2,59.26,59.8,0
302.46,310.71,1323.6,33.84,29.1,0
299.68,310.69,1473.1,63.44,218.1,0
297.71,310.51,1529.2,43.76,27.9,0
301.02,310.45,1525.0,52.36,138.6,1
298.14,310.16,1395.0,43.22,240.3,1
301.4,312.74,1365.6,35.14,102.3,0
302.38,313.81,1720.5,24.77,203.4,1
299.91,309.47,1542.3,55.8,162.9,0
300.5,310.51,1498.0,33.2,22.9,0
299.25,308.17,1477.0,44.17,159.9,0
302.68,312.82,1617.2,48.33,127.4,0
304.8,315.33,1351.1,34.51,224.0,0
299.07,309.36,1788.1,40.48,135.7,0
302.04,312.57,1654.4,36.29,40.7,0
297.33,305.82,1583.0,51.04,109.2,0
299.1,309.25,1567.7,28.63,160.3,0
299.02,310.41,1641.6,51.42,240.8,1
300.53,309.07,1516.6,25.74,86.5,0
296.87,307.02,1514.0,34.16,84.0,0
298.91,307.92,1690.6,43.28,105.8,0
299.92,310.85,1454.3,67.44,183.3,1
296.69,307.17,1547.2,29.49,122.3,0
299.57,308.75,1695.1,40.59,19.0,0
302.11,311.61,1300.2,49.41,211.3,1
298.02,304.01,1358.2,36.28,81.4,1
301.22,311.08,1505.0,50.89,141.3,1
297.52,308.18,1558.7,29.5,225.2,0
298.19,309.49,1245.2,47.84,249.8,1
301.3,312.71,1783.2,27.74,85.4,0
299.84,309.47,1527.8,46.32,21.0,0
299.32,309.89,1378.6,29.78,144.3,0
298.83,311.87,1354.8,51.48,195.5,0
301.02,310.43,1688.5,51.23,120.4,1
298.82,309.06,1536.8,28.78,184.9,0
300.15,310.49,1754.7,38.68,82.1,0
301.71,311.7,1370.2,32.32,74.4,0
296.3,305.71,1713.2,25.18,190.6,0
301.57,312.16,1525.0,54.61,144.5,1
301.91,312.28,1500.1,48.52,136.4,1
300.28,311.54,1637.2,40.38,197.5,0
299.82,309.95,1683.5,40.87,27.8,0
298.89,309.4,1566.6,52.21,48.3,1
303.96,313.67,1343.8,59.16,224.8,1
302.09,315.52,1517.3,26.88,200.9,0
300.29,308.8,1618.1,32.14,141.1,1
302.62,313.48,1175.6,49.21,162.0,1
299.66,310.5,1358.6,24.32,108.8,0
299.99,309.2,1893.8,38.31,90.7,0
301.86,312.14,1515.0,45.45,10.6,0
298.18,307.76,1467.3,37.66,11.4,0
300.19,311.1,1631.5,45.34,197.9,1
301.23,311.14,1451.9,41.67,170.4,1
301.22,311.5,1681.5,21.9,3.0,0
299.05,308.87,1701.2,40.92,51.6,0
297.13,307.26,1504.6,29.5,19.8,0
299.14,309.22,1518.2,30.44,147.9,0
300.13,309.7,1575.6,47.67,32.8,0
303.42,314.33,1582.1,47.26,158.4,0
302.03,312.62,1311.3,51.86,94.0,1
300.31,310.38,1418.4,48.26,111.5,1
297.77,306.86,1204.8,28.87,158.3,1
298.82,309.73,1596.9,28.92,167.6,1
300.14,311.31,1385.1,42.27,108.2,0
298.51,307.69,1705.7,40.18,185.9,0
302.02,314.36,1562.5,39.36,140.0,0
298.34,307.59,1573.3,63.85,1.9,0
301.06,311.92,1419.5,42.01,90.5,0
298.44,307.95,1192.1,32.75,170.6,1
299.81,310.13,1568.3,41.7,49.9,0
299.97,309.39,1205.5,34.25,239.4,0
301.02,312.04,1576.0,32.71,181.8,0
301.51,311.38,1421.7,32.53,15.8,0
301.02,312.26,1364.8,35.04,10.0,0
299.65,308.4,1376.0,31.33,218.9,1
303.52,313.64,1484.7,36.48,119.8,0
299.62,309.47,1466.3,33.73,239.6,1
300.46,309.79,1313.3,38.94,50.5,0
302.76,313.32,1624.0,52.26,206.8,0
300.71,312.66,1617.5,31.55,118.4,1
301.86,311.22,1555.9,41.68,41.4,0
297.5,308.23,1670.2,46.09,88.7,0
297.9,306.92,1492.3,32.28,137.1,0
299.54,308.76,1557.6,20.51,165.3,0
298.51,308.93,1585.1,49.94,222.3,1
301.9,311.78,1472.8,50.78,95.3,0
300.33,310.66,1363.2,42.59,72.9,1
300.55,310.01,1363.4,49.94,74.4,0
299.18,309.15,1401.3,50.41,213.4,0
301.16,312.24,1528.4,19.65,111.2,0
301.87,311.44,1690.9,39.37,26.3,0
300.58,313.2,1276.3,41.21,179.7,0
300.29,309.47,1623.3,41.4,131.5,1
300.43,309.36,1502.1,34.95,21.1,0
301.5,311.45,1441.4,42.03,56.1,0
301.41,311.72,1745.2,61.92,239.5,1
301.28,311.73,1613.0,19.76,153.9,0
301.43,309.61,1416.3,35.88,93.5,0
300.7,310.9,1816.6,33.75,25.8,0
300.3,311.17,1598.8,46.27,64.1,0
301.13,311.17,1539.9,34.03,240.6,1
301.53,311.11,1506.3,40.73,57.8,0
299.55,309.47,1542.0,42.65,158.2,1
298.75,308.53,1624.4,49.27,228.2,0
301.53,312.07,1607.7,53.51,106.7,0
300.55,311.28,1385.7,38.14,72.7,0
296.53,306.87,1522.3,24.85,42.5,0
299.85,311.28,1331.9,42.35,81.1,0
302.56,312.18,1391.3,47.07,154.0,0
300.17,310.76,1642.8,46.28,180.2,1
303.42,314.63,1566.0,49.04,183.2,0
298.74,307.43,1502.9,28.19,113.9,0
298.71,309.82,1558.5,51.24,174.2,0
300.85,309.05,1676.8,57.73,228.8,1
298.95,309.71,1274.1,35.82,1.0,0
298.88,310.54,1661.9,32.27,208.1,0
300.1,310.27,1217.1,36.27,55.6,0
299.14,307.78,1419.4,34.78,179.3,0
298.79,306.7,1455.9,29.12,25.8,0
298.15,308.23,1548.2,54.02,181.0,1
296.32,305.06,1508.3,30.7,128.6,1
303.37,313.15,1577.2,46.83,36.0,0
298.59,308.8,1361.9,55.16,33.1,0
300.63,311.63,1461.9,39.21,134.3,0
300.33,311.07,1705.0,43.13,131.4,0
300.34,309.5,1721.5,47.21,190.3,0
301.4,312.56,1431.5,26.45,194.0,0
296.14,306.51,1504.9,24.52,151.5,0
300.72,309.5,1223.4,31.81,141.4,0
301.64,312.43,1712.3,33.76,96.7,0
300.88,309.1,1387.8,22.15,123.1,0
300.15,311.31,1304.0,32.87,102.2,0
303.36,313.46,1456.0,36.01,94.9,0
297.5,305.89,1405.0,50.57,125.5,1
297.36,307.97,1556.7,57.53,111.7,1
298.81,309.53,1523.8,49.95,152.3,0
300.34,310.54,1716.7,45.8,108.3,0
298.58,308.66,1594.4,23.71,148.9,1
300.07,311.6,1767.5,40.74,124.7,0
301.69,311.93,1251.1,25.76,0.9,0
299.29,309.38,1711.4,40.19,137.5,0
301.73,311.03,1638.7,30.86,152.6,1
301.82,312.91,1399.6,48.04,111.1,0
298.53,310.47,1645.0,54.24,28.7,1
301.43,312.34,1355.7,44.35,67.0,0
296.96,306.22,1600.3,34.04,159.6,1
297.05,307.41,1323.5,46.29,51.0,0
297.71,308.61,1425.5,51.11,120.0,1
301.89,312.71,1500.8,24.72,87.6,0
301.18,312.49,1727.3,38.7,58.8,0
301.12,311.51,1542.3,43.76,102.0,1
299.92,310.08,1345.0,44.23,245.1,0
302.04,312.87,1604.8,51.17,73.0,0
298.0,307.98,1257.3,38.21,87.3,0
299.05,308.45,1143.4,47.0,133.8,0
301.36,311.56,1416.0,31.2,243.9,0
299.59,309.54,1436.9,40.9,20.4,0
294.95,304.46,1322.4,60.55,233.5,1
303.8,314.14,1446.0,37.52,34.9,0
295.96,306.1,1545.1,39.52,39.2,0
298.15,308.25,1545.0,20.21,236.7,1
298.72,308.56,1344.1,36.72,57.5,0
298.73,308.9,1846.2,32.56,105.5,0
302.51,311.91,1456.5,19.78,97.1,0
301.64,311.34,1376.9,44.41,147.8,1
300.65,311.28,1435.9,21.54,131.5,1
300.22,308.49,1866.3,35.32,119.9,0
300.75,310.55,1527.5,32.91,170.4,0
303.89,313.94,1543.2,37.33,35.0,0
298.56,308.39,1796.5,45.26,235.3,1
300.58,312.25,1494.3,47.57,140.3,0
296.84,308.53,1442.8,44.1,138.7,0
301.0,311.27,1503.5,50.27,160.8,1
298.58,306.23,1545.1,17.64,194.8,1
300.29,310.31,1767.3,36.31,198.1,0
302.32,312.3,1162.3,51.76,27.0,0
302.97,312.29,1477.3,42.57,88.8,0
300.94,310.09,1517.2,43.73,154.3,0
298.29,308.4,1601.1,55.16,165.4,1
300.34,310.57,1504.0,41.62,27.2,0
302.92,312.71,1519.4,37.57,125.3,0
298.37,308.1,1366.2,51.57,66.3,0
301.53,313.5,1707.4,26.56,67.8,0
298.72,309.42,1566.6,34.64,177.0,0
299.8,309.72,1569.6,45.68,81.8,0
298.34,308.69,1441.5,40.06,97.9,1
299.91,309.11,1276.9,19.06,11.3,0
302.59,311.89,1712.1,31.39,92.4,0
303.25,311.3,1513.9,36.0,237.3,1
299.98,310.27,1822.9,35.26,138.9,0
301.81,312.13,1496.8,56.83,115.5,1
298.66,310.77,1448.8,39.7,43.5,1
302.64,312.6,1527.5,22.09,86.2,0
298.2,309.5,1559.2,24.8,208.8,0
301.22,310.33,1056.9,34.77,243.3,1
300.04,308.95,1720.1,69.62,142.4,0
298.74,309.09,1767.1,58.3,170.6,1
300.44,309.72,1508.7,21.86,193.3,1
298.67,309.03,1562.6,40.81,39.2,1
300.9,311.69,1388.5,49.34,72.0,0
299.49,310.23,1522.2,33.57,31.2,0
301.12,312.29,1544.6,43.91,28.0,0
302.63,312.06,1560.4,39.3,183.9,0
301.27,311.68,1227.7,43.13,87.8,0
297.42,306.25,1589.3,25.94,225.1,0
298.11,307.53,1574.7,46.98,232.7,1
299.55,309.34,1835.3,48.09,120.0,0
297.58,307.95,1818.1,37.27,108.2,0
298.96,310.88,1313.5,29.47,102.7,0
299.17,310.16,1410.9,36.24,92.4,0
298.22,309.25,1225.8,56.17,29.4,1
302.42,311.51,1361.3,42.72,40.8,1
302.24,312.74,1663.0,22.84,42.7,0
298.96,310.37,1587.1,48.81,207.2,1
298.28,307.69,1694.1,32.25,19.5,0
296.29,308.05,1409.4,36.65,157.9,0
298.38,307.44,1488.3,49.44,98.0,0
300.92,311.17,1493.1,35.76,152.7,0
302.17,311.45,1369.4,32.55,239.4,1
297.12,306.92,1344.8,49.94,66.8,1
299.78,309.57,1357.5,42.7,117.9,0
302.05,312.42,1597.5,34.47,58.7,0
298.56,310.4,1551.7,33.8,54.4,0
299.05,307.97,1318.5,46.97,45.9,0
299.97,309.7,1276.3,36.0,13.4,0
302.81,312.46,1607.5,44.27,2.4,0
299.84,310.07,1175.8,35.79,88.9,0
300.96,311.63,1368.2,39.21,249.1,0
303.64,314.11,1670.8,17.74,235.6,1
298.96,308.13,1559.7,35.26,15.5,0
299.53,309.04,1117.5,43.86,11.2,1
301.94,311.01,1277.1,44.45,65.5,0
294.64,304.35,1635.2,33.88,120.4,0
297.84,308.38,1205.9,43.61,131.6,1
301.39,312.11,1703.9,29.8,235.3,0
297.96,308.33,1397.3,43.11,218.0,0
295.22,305.56,1477.1,34.33,225.8,1
299.96,309.55,1475.5,46.71,107.0,1
297.74,310.14,1608.4,41.89,26.6,0
298.89,307.66,1408.4,48.17,220.5,1
303.88,314.62,1686.8,34.16,41.6,0
299.75,309.21,1564.9,46.01,129.3,0
297.91,308.12,1565.7,45.2,164.1,0
301.06,311.02,1548.9,48.55,93.0,0
302.43,314.33,1261.8,31.31,101.8,0
296.5,308.3,1631.6,32.05,132.9,0
299.63,309.02,1546.7,44.7,80.8,0
299.95,309.76,1588.8,18.64,199.2,1
299.35,310.47,1330.5,37.75,11.9,0
298.87,309.05,1542.7,57.04,49.6,0
297.34,307.51,1706.1,37.19,115.5,0
300.92,310.2,1588.9,32.22,119.8,0
302.33,312.17,1607.3,36.07,4.6,1
303.44,313.78,1702.1,46.3,181.4,0
301.85,312.4,1329.1,57.01,118.0,0
301.3,311.68,1368.7,27.38,232.7,1
297.5,307.81,1582.7,47.26,52.0,1
300.15,311.21,1451.5,47.4,15.5,0
296.51,306.33,1603.3,43.4,113.3,0
301.15,311.6,1510.3,58.56,156.5,0
297.91,308.76,1779.9,36.77,184.3,0
301.16,313.16,1479.7,50.13,15.3,0
300.92,311.83,1550.1,36.2,205.8,0
298.58,308.98,1612.2,43.22,106.4,0
297.23,305.14,1726.2,45.11,50.7,0
302.38,313.72,1550.5,50.84,95.1,1
300.32,309.92,1443.3,19.85,170.4,0
295.66,304.7,1402.5,26.74,27.8,0
300.13,310.56,1448.0,31.23,136.8,1
298.94,308.97,1340.0,42.36,10.4,1
302.95,311.5,1449.8,33.04,104.4,0
300.04,308.81,1253.1,41.3,23.8,0
301.62,311.47,1623.7,45.86,218.0,0
296.79,308.08,1583.6,30.49,248.7,0
303.53,313.27,1077.7,37.97,102.6,0
295.4,305.48,1581.6,43.62,220.7,0
300.66,310.43,1306.7,29.29,181.7,0
299.42,309.3,1713.8,31.87,81.7,0
302.93,314.11,1573.9,42.9,108.1,0
299.0,308.08,1756.0,34.59,3.3,0
302.11,311.42,1679.4,48.82,203.0,0
301.36,312.42,1547.7,39.6,142.3,0
298.7,307.77,1571.6,42.18,44.7,0
299.54,309.97,1726.9,28.41,82.5,0
298.77,308.43,1717.6,28.78,56.4,0
300.87,309.36,1725.9,43.4,189.5,1
298.84,310.79,1540.2,48.53,247.5,0
301.45,309.64,1559.1,57.32,196.5,0
298.3,307.72,1515.4,33.73,172.1,0
302.05,310.48,1359.8,54.3,167.8,0
300.52,310.77,1491.9,27.03,183.5,1
301.4,312.07,1400.1,34.11,147.5,1
298.29,309.43,1546.4,34.36,74.9,0
299.5,309.26,1626.1,23.21,89.6,0
301.94,310.67,1520.4,30.98,30.0,0
298.89,308.41,1529.5,35.02,115.9,0
299.12,308.31,1385.6,50.44,102.1,0
299.02,308.78,1511.6,46.97,197.0,0
300.38,312.52,1537.0,32.92,38.8,0
303.61,312.41,1603.1,50.49,167.9,0
299.17,308.23,1492.2,31.27,214.2,0
298.8,308.87,1181.7,31.83,115.3,1
300.94,311.93,1567.0,33.6,159.0,0
299.1,308.67,1466.5,50.29,163.6,1
303.55,313.58,1224.7,38.21,90.8,0
299.8,310.94,1428.5,33.83,173.1,0
298.59,309.35,1371.2,29.18,149.5,0
302.16,312.85,1157.9,40.16,108.0,1
300.91,310.8,1393.5,46.52,96.0,1
304.44,315.3,1705.1,38.6,191.9,0
302.35,312.36,1619.5,47.18,239.1,1
298.18,307.26,1539.2,43.73,231.6,0
300.34,309.76,1501.9,28.32,38.9,0
297.13,308.45,1453.3,33.06,42.2,0
299.67,310.07,1642.4,35.36,161.9,1
301.81,313.2,1762.2,49.58,162.2,0
300.08,310.64,1701.5,33.76,131.1,0
298.51,309.03,1349.5,38.9,150.8,0
297.02,305.76,1549.0,53.61,246.5,1
298.78,308.9,1433.6,49.8,154.5,0
301.04,311.03,1584.9,35.17,177.2,0
300.16,310.66,1527.4,32.21,171.6,1
298.98,307.64,1247.7,53.16,93.7,0
301.55,312.41,1353.5,62.06,194.5,0
297.7,307.46,1391.6,44.41,82.3,1
297.31,307.06,1320.2,38.25,139.8,0
299.02,309.21,1468.1,42.5,56.3,0
299.2,311.27,1336.7,39.98,201.4,1
298.03,308.35,1675.9,35.24,142.1,0
299.45,308.61,1516.5,23.76,210.8,0
296.24,304.44,1524.3,48.62,141.5,0
301.33,309.86,1218.0,53.83,247.7,0
300.66,311.17,1180.0,61.0,46.2,0
302.06,311.33,1652.2,38.77,37.0,1
304.42,314.54,1649.7,40.43,247.4,1
300.78,309.98,1709.3,32.38,101.4,0
302.6,313.21,1774.3,62.32,22.1,0
302.31,310.06,1639.0,39.12,226.6,1
299.12,310.26,1388.8,55.38,58.1,0
298.87,308.67,1429.7,19.92,238.9,0
301.26,310.96,1400.2,34.16,129.7,0
299.4,309.51,1464.4,25.07,82.8,0
300.19,312.04,1654.3,30.78,195.0,1
300.0,310.55,1266.0,50.94,169.5,0
295.2,303.8,1012.4,61.12,90.5,0
303.4,314.25,1374.3,43.14,93.4,0
301.66,312.46,1515.1,61.78,37.5,0
298.3,307.9,1386.8,44.99,175.5,1
299.2,311.09,1439.2,32.01,80.0,1
298.68,309.02,1577.8,46.54,46.6,0
301.88,313.1,1387.9,45.96,39.4,1
298.68,307.39,1599.9,48.22,231.4,0
297.86,308.82,1584.0,20.14,25.6,0
297.24,308.36,1660.2,44.24,42.8,0
300.11,310.87,1272.2,56.52,193.6,0
299.74,312.23,1467.0,47.39,55.0,0
303.18,314.56,1407.1,11.82,239.9,1
298.93,309.25,1562.3,42.27,76.0,0
301.75,312.74,1566.9,21.99,156.9,0
302.6,312.52,1539.9,42.53,200.9,0
295.23,304.99,1494.3,52.81,61.6,0
297.69,307.71,1338.6,52.57,65.2,1
301.09,312.34,1572.4,46.32,149.7,1
299.73,310.34,1342.0,40.79,135.0,0
302.33,312.18,1504.6,24.95,241.5,0
300.28,310.62,1420.9,44.85,180.4,1
298.45,308.68,1395.8,44.35,116.9,1
301.45,309.39,1653.7,51.45,128.9,0
295.33,304.51,1439.8,48.58,64.8,0
298.48,309.8,1432.6,49.05,175.5,1
299.75,309.26,1658.4,34.77,241.8,1
302.59,312.43,1545.1,58.06,4.1,0
300.5,310.35,1502.9,24.83,211.9,0
300.64,311.64,1500.0,47.88,222.3,0
296.52,306.16,1470.0,47.43,125.9,1
302.39,311.13,1339.6,35.62,189.3,0
300.15,309.52,1390.6,35.92,193.0,0
298.64,307.95,1592.2,24.06,164.9,0
296.28,305.51,1536.4,43.24,156.5,0
302.53,311.51,1546.4,51.21,196.1,0
300.9,312.45,1665.2,31.58,51.7,0
301.29,311.88,1483.4,53.16,48.1,1
300.53,310.09,1547.2,48.06,36.0,1
303.96,312.57,1609.5,48.56,241.9,1
300.4,309.44,1600.7,43.3,218.5,0
300.02,310.44,1459.8,52.19,105.6,0
301.47,310.9,1565.5,41.14,63.1,0
299.97,309.19,1468.4,36.33,31.5,0
299.35,309.13,1638.3,38.7,169.3,0
303.0,313.86,1621.4,42.96,133.8,1
301.23,310.87,1634.4,40.91,10.0,0
301.13,311.01,1793.7,48.48,217.4,0
301.2,312.47,1477.5,28.85,96.2,0
298.92,309.37,1252.2,34.79,144.8,0
298.5,309.09,1608.3,33.48,23.3,0
299.22,309.17,1697.3,29.88,22.5,0
299.0,308.75,1280.3,51.33,209.2,0
298.18,309.49,1512.3,40.43,23.3,0
299.28,307.39,1971.1,38.5,75.2,0
302.37,313.73,1356.5,41.93,119.2,0
299.72,307.5,1494.3,48.21,3.5,0
302.57,312.32,1510.9,55.19,62.4,0
304.87,313.54,1487.2,59.42,88.6,0
299.96,311.32,1497.8,41.66,17.0,0
299.44,309.55,1387.7,27.23,184.9,0
299.03,309.02,1299.3,57.65,230.5,0
303.74,313.73,1605.1,32.45,180.2,0
303.81,313.25,1472.0,31.55,235.5,0
300.57,310.54,1514.8,38.0,145.3,0
300.98,310.98,1336.2,48.66,225.4,0
302.59,312.3,1658.3,36.66,159.2,1
300.77,309.85,1445.2,27.2,42.6,0
297.14,309.96,1251.9,40.1,171.3,0
298.09,309.46,1548.0,48.46,178.3,0
300.42,310.67,1454.4,30.9,165.3,1
301.83,312.21,1468.0,29.06,24.3,0
299.71,309.68,1509.6,49.47,212.5,0
298.65,307.21,1430.5,52.36,51.2,0
299.34,310.89,1638.7,51.48,33.8,0
300.84,310.25,1380.4,54.47,19.4,0
298.02,307.81,1602.6,41.35,86.5,0
297.91,308.53,1356.7,43.05,0.5,0
300.19,310.93,1467.8,45.51,81.9,1
303.19,312.42,1614.8,41.18,6.4,0
298.01,309.23,1506.5,26.64,126.3,1
299.37,308.98,1254.3,23.5,79.4,0
300.39,310.38,1424.8,42.02,29.4,0
300.44,311.15,1407.9,39.29,47.1,0
298.08,307.86,1469.8,27.63,85.0,0
295.04,303.91,1581.8,41.8,27.0,0
303.17,313.21,1584.7,35.11,231.0,0
298.39,308.66,1523.0,42.08,187.7,0
299.26,308.78,1260.9,45.23,165.3,0
298.25,308.49,1589.7,42.2,40.3,0
296.61,307.65,1230.6,36.59,88.5,1
300.03,312.38,1614.0,17.55,95.0,1
298.89,306.73,1377.9,34.3,139.2,0
299.55,309.77,1604.8,41.56,111.3,0
301.37,310.08,1720.9,25.8,76.2,0
297.08,307.85,1645.8,51.52,139.8,0
299.57,309.32,1591.6,36.71,43.2,0
300.09,310.9,1410.7,43.29,67.3,1
298.13,307.51,1447.4,35.12,160.6,1
304.32,312.53,1534.2,37.15,196.0,0
299.88,309.64,1567.7,42.67,59.1,0
297.34,307.16,1559.2,17.17,13.3,0
300.72,312.5,1419.4,47.75,225.8,1
301.26,311.83,1304.0,43.11,169.3,0
296.55,306.87,1420.7,30.2,135.5,0
301.72,311.34,1487.0,34.45,190.6,1
301.18,311.08,1306.6,47.35,126.8,1
302.61,311.14,1436.7,35.1,248.0,1
298.32,307.81,954.7,60.92,43.7,1
298.4,309.75,1417.4,29.72,140.9,0
299.72,311.49,1329.9,40.8,228.7,0
300.42,310.9,1504.2,36.38,157.3,0
300.25,310.76,1439.9,53.0,79.9,0
297.67,307.55,1642.3,36.21,9.5,0
299.44,309.18,1679.6,46.95,123.6,1
298.91,307.51,1620.7,39.04,140.0,0
299.78,309.25,1569.7,39.17,149.8,1
302.79,313.67,1595.3,52.7,59.3,0
300.75,311.36,1573.9,44.53,237.9,1
299.98,308.78,1232.2,48.42,209.9,1
301.58,312.52,1554.7,56.69,78.2,0
302.4,312.75,1277.0,42.41,84.4,1
300.62,310.54,1581.4,39.73,98.9,0
298.42,308.5,1427.2,37.48,214.9,1
301.71,311.91,1838.5,41.61,144.1,0
302.42,312.37,1671.7,45.49,196.6,0
301.07,309.97,1555.1,26.75,169.4,0
302.39,312.02,1572.1,46.98,224.2,0
298.79,308.53,1638.1,50.68,84.9,0
300.9,310.78,1485.9,39.61,185.6,0
302.43,311.51,1546.1,58.34,194.3,0
296.69,307.32,1588.7,55.54,3.2,0
300.21,311.12,1561.3,10.64,103.9,0
301.89,311.77,1442.7,42.95,152.6,1
301.35,312.06,1311.7,25.34,181.0,1
305.6,315.6,1642.3,47.27,67.9,1
299.1,308.33,1178.4,41.02,142.1,0
300.03,309.36,1586.8,17.96,105.6,0
301.04,310.77,1584.4,30.22,231.2,1
302.1,312.21,1497.3,29.28,114.3,0
299.95,309.76,1718.6,28.76,234.6,0
299.49,308.89,1238.6,18.25,193.7,1
299.12,309.07,1595.4,43.47,128.5,1
297.65,307.93,1394.4,32.58,107.7,0
300.08,310.86,1408.0,31.93,96.0,0
298.01,310.06,1681.9,19.85,60.5,1
299.28,309.06,1672.9,33.09,179.1,0
302.1,312.43,1591.3,36.56,99.8,0
296.86,305.21,1441.3,31.11,79.8,0
299.24,310.11,1550.1,31.36,249.2,0
298.46,307.53,1258.0,40.69,233.1,0
298.27,306.62,1564.3,37.17,228.6,0
303.63,312.69,1464.5,27.84,157.9,0
296.87,305.62,1558.3,57.46,67.3,0
302.31,313.46,1600.2,28.71,223.8,0
298.4,310.11,1700.3,32.23,185.3,0
296.9,307.7,1514.3,47.81,197.6,0
298.74,307.59,1060.3,59.73,187.8,1
298.16,307.44,1519.0,47.53,26.2,0
300.9,309.66,1643.6,38.02,188.8,0
299.81,309.82,1477.8,50.18,232.9,1
303.89,313.84,1514.0,38.36,84.5,0
298.33,308.01,1452.8,36.46,82.1,0
299.44,310.27,1438.6,42.2,147.8,0
300.84,310.83,1476.7,51.88,193.8,0
300.54,309.2,1467.8,34.0,56.5,0
299.84,311.65,1515.1,56.55,21.6,1
301.47,311.99,1523.5,48.78,188.4,1
298.71,309.19,1456.1,20.11,249.5,0
303.31,312.81,1352.0,46.46,14.6,0
303.68,314.1,1462.7,48.35,172.4,0
298.84,308.97,1703.7,32.86,43.2,0
296.9,307.68,1588.2,45.85,193.9,1
296.37,306.58,1424.1,44.99,72.4,0
301.1,310.1,1662.5,53.23,103.9,1
294.84,305.05,1307.3,43.71,33.1,0
297.2,306.71,1564.2,37.21,132.7,0
303.92,313.75,1544.8,51.86,36.5,0
299.67,307.78,1339.5,47.95,133.7,0
298.95,310.84,1569.4,39.71,18.9,0
303.33,314.63,1340.0,39.33,42.6,0
302.36,313.61,1304.8,44.28,107.1,0
300.72,312.6,1428.5,46.87,154.1,0
293.77,303.99,1674.9,36.88,95.2,0
299.79,309.27,1366.4,46.57,161.6,0
297.79,308.63,1745.2,48.89,116.7,0
302.24,310.71,1491.7,43.63,97.9,0
298.4,308.33,1209.9,46.0,30.4,0
299.73,309.72,1367.4,37.8,6.1,0
300.39,308.95,1492.2,21.99,109.2,0
301.84,310.78,1607.5,51.56,124.6,0
299.47,306.17,1194.8,28.04,124.9,1
303.85,314.14,1372.6,54.65,103.4,0
301.28,309.06,1646.6,38.83,174.1,0
300.6,311.18,1511.7,42.71,240.9,0
300.56,310.61,1293.5,36.06,130.4,1
297.31,308.39,1454.0,45.85,81.7,0
297.34,305.71,1535.0,36.44,91.3,1
300.36,312.21,1560.7,15.87,81.2,0
298.46,308.69,1283.5,47.78,4.4,0
304.29,315.73,1388.7,38.73,223.3,0
298.19,308.45,1357.7,77.77,15.1,0
302.47,312.9,1384.0,46.48,215.6,1
300.88,310.73,1496.2,32.15,149.3,0
301.6,310.86,1483.2,40.3,152.1,0
297.18,307.14,1554.0,21.8,79.1,0
302.28,311.76,1123.5,39.61,234.6,0
293.76,304.76,1323.1,48.52,81.2,1
300.4,310.88,1418.2,47.79,135.9,0
300.08,308.84,1335.6,36.39,222.1,0
300.05,310.24,1575.6,43.86,175.2,1
298.25,306.67,1236.9,42.31,199.0,0
300.43,310.55,1611.9,49.01,90.3,0
304.09,314.69,1723.1,48.73,20.6,0
298.22,306.27,1389.2,34.6,34.7,0
299.77,307.48,1616.9,48.95,43.2,0
301.36,313.74,1668.9,42.43,38.8,0
298.27,309.19,1605.4,42.17,79.1,0
299.42,309.22,1479.3,31.64,80.2,1
301.42,311.81,1524.0,54.84,25.6,0
298.18,309.57,1329.2,33.46,217.9,0
299.44,310.14,1651.6,21.57,183.4,1
300.28,309.62,1636.1,31.76,59.7,0
301.63,312.28,1624.5,30.28,203.0,0
297.9,307.45,1523.5,31.51,244.5,0
299.5,310.76,1234.4,42.94,40.8,0
294.31,302.92,1593.8,40.3,151.0,0
298.05,308.33,1466.3,49.88,125.5,1
297.21,307.31,1592.4,42.9,40.9,0
300.43,310.06,1616.8,25.74,173.9,0
301.98,311.42,1661.4,41.46,190.8,0
299.38,309.19,1644.7,38.57,116.9,0
299.12,310.01,1610.6,37.01,106.5,0
298.67,309.4,1515.1,46.06,189.8,0
299.97,309.08,1486.8,37.96,110.8,0
301.08,310.31,1421.9,29.29,165.8,0
303.42,313.3,1353.7,47.58,103.6,0
297.74,306.45,1540.5,44.47,243.0,1
297.13,307.68,1319.2,28.47,81.6,0
300.72,312.73,1342.9,36.58,5.5,0
299.39,309.17,1452.8,42.32,181.1,0
298.64,308.46,1549.0,52.82,58.9,1
301.28,310.52,1346.4,50.17,15.5,0
299.15,309.97,1511.1,25.94,227.6,1
296.41,308.15,1420.5,35.97,228.2,1
298.61,310.5,1735.0,44.67,193.3,1
299.73,310.51,1640.1,26.18,103.9,1
296.95,308.75,1484.2,28.02,172.7,0
299.94,311.37,1455.0,28.22,196.6,0
303.36,312.61,1256.7,40.45,199.0,0
300.1,309.25,1399.7,84.79,176.7,1
301.73,312.66,1764.2,27.91,144.2,1
303.67,312.19,1333.5,29.96,156.6,0
300.95,311.99,1611.5,39.29,207.7,1
303.81,313.8,1793.3,54.88,82.7,1
298.38,308.3,1706.4,29.98,238.3,1
300.13,310.65,1318.1,44.11,173.8,0
299.64,309.28,1315.2,50.94,12.5,0
298.97,309.87,1391.9,34.45,193.6,0
302.04,311.44,1495.7,26.93,172.0,0
302.22,313.9,1654.1,39.83,19.5,0
297.29,308.04,1472.9,26.41,153.4,0
298.35,307.3,1584.0,41.43,168.7,1
298.83,310.07,1448.3,22.83,201.8,0
302.38,312.23,1354.9,36.97,217.7,1
301.26,311.51,1499.6,44.77,58.6,0
298.83,308.18,1519.9,34.5,160.5,1
297.71,309.19,1522.8,53.85,26.4,0
299.7,309.09,1323.6,39.58,216.9,0
301.85,311.15,1644.0,56.74,48.0,0
298.55,307.32,1435.7,50.69,188.7,0
302.88,312.57,1549.5,49.82,204.3,0
298.13,309.99,1538.9,40.19,184.5,0
301.94,311.43,1385.5,49.4,3.6,0
298.98,309.82,1636.8,33.31,234.4,0
301.02,312.36,1524.3,23.84,58.4,1
299.11,310.32,1441.1,51.07,206.0,1
298.62,306.7,1401.1,41.77,237.1,0
300.58,313.33,1510.0,40.62,130.6,0
300.46,309.54,1421.7,18.7,82.0,0
302.41,312.06,1395.9,48.79,66.1,0
301.89,311.44,1538.5,47.43,56.7,0
300.93,310.57,1456.3,44.7,105.1,0
300.97,311.57,1512.0,53.6,227.9,0
298.18,307.71,1551.4,58.18,213.6,1
301.95,310.65,1516.5,35.39,179.3,0
297.52,306.94,1688.4,41.42,80.9,0
298.29,307.34,1477.9,44.69,0.9,0
301.41,312.4,1502.7,64.75,95.6,1
299.5,309.89,1401.9,36.29,189.8,0
303.35,314.81,1595.0,28.21,191.4,0
302.31,311.76,1685.5,32.76,8.4,0
300.95,311.0,1394.6,39.06,218.3,0
296.06,307.23,1230.1,42.5,87.6,0
301.35,309.83,1692.7,38.44,105.8,1
297.86,306.67,1479.3,40.03,93.8,0
299.6,308.66,1455.2,54.15,108.0,0
304.17,315.62,1434.6,48.11,205.4,1
296.46,307.05,1358.9,26.12,155.7,0
300.14,310.09,1617.6,41.4,11.6,0
301.34,310.92,1489.4,34.89,29.4,0
302.33,312.04,1710.9,47.31,87.3,0
300.23,310.47,1245.1,21.93,229.7,1
303.4,314.03,1286.9,35.73,180.9,1
300.06,312.54,1313.6,45.28,198.5,0
298.23,306.54,1558.5,52.65,137.0,1
300.13,310.92,1411.4,40.19,17.4,0
298.34,305.91,1551.4,50.83,152.4,0
301.69,311.18,1408.2,31.88,70.6,0
297.79,308.46,1406.4,42.7,36.8,0
301.65,311.66,1700.0,51.41,156.3,1
297.96,308.32,1167.4,48.51,110.6,1
297.83,307.9,1416.1,38.2,244.9,0
299.32,308.78,1493.5,49.87,33.9,0
298.2,307.93,1701.4,37.29,146.5,0
297.46,307.91,1644.0,35.66,22.0,0
299.89,311.05,1426.5,49.08,84.7,0
301.57,312.26,1734.6,46.71,240.2,0
299.3,309.23,1265.3,47.66,108.2,1
298.52,308.5,1094.1,34.85,178.1,0
297.8,308.31,1400.9,32.21,44.7,0
302.29,313.91,1246.7,31.89,227.8,1
299.99,310.5,1646.0,32.44,33.1,0
301.33,311.88,1253.1,39.74,145.5,1
297.28,306.91,1774.3,31.48,17.7,0
301.47,312.77,1509.4,36.66,194.1,1
298.39,311.15,1511.8,34.23,102.3,0
299.02,310.41,1401.6,43.02,33.2,0
302.86,313.06,1693.7,59.02,170.2,1
297.58,306.17,1670.8,30.03,40.4,0
300.07,309.9,1521.9,45.91,195.7,1
299.94,312.0,1623.5,45.55,56.2,0
297.71,307.03,1649.9,38.76,86.3,0
301.96,311.62,1940.4,52.73,215.2,0
304.02,313.91,1479.2,14.33,241.4,0
300.14,310.11,1365.3,55.88,175.4,0
300.92,311.97,1501.7,17.17,226.3,1
297.43,309.09,1445.3,33.28,244.6,1
297.69,305.12,1654.1,39.96,151.0,0
298.22,309.78,1631.2,44.69,150.1,0
299.41,308.41,1490.3,42.05,217.0,0
299.46,308.79,1432.3,38.5,29.8,0
300.89,310.49,1475.1,36.4,2.5,0
301.85,313.35,1307.7,54.79,52.1,0
301.7,312.3,1493.8,28.62,62.2,0
301.05,310.31,1278.0,41.99,77.5,0
299.78,310.81,1283.0,54.54,19.4,0
303.14,311.49,1615.5,35.29,37.8,0
298.2,307.88,1427.0,38.99,68.1,1
298.92,306.45,1239.9,43.37,130.8,0
296.01,306.1,1526.2,52.61,83.1,1
297.09,306.29,1632.9,42.94,82.3,0
301.66,311.47,1457.9,54.99,132.8,0
300.24,311.15,1437.0,24.03,129.1,1
300.5,310.09,1466.9,30.93,201.2,1
302.44,312.32,1550.8,38.83,52.4,1
298.39,309.15,1500.2,43.52,237.8,0
293.34,303.93,1204.5,33.93,133.4,0
298.94,308.88,1375.8,33.08,216.9,0
302.84,313.37,1518.7,43.95,245.7,0
298.08,307.51,1390.3,15.79,223.8,1
296.48,306.99,1506.1,57.0,40.5,1
301.66,311.81,1543.4,51.42,94.3,1
299.87,309.01,1392.1,52.98,58.9,0
298.12,308.48,1365.6,42.71,210.7,1
303.57,313.18,1620.7,50.84,33.3,0
303.04,313.05,1563.7,36.78,13.2,0
301.07,312.37,1670.9,30.47,195.6,0
299.64,310.23,1634.1,56.2,131.3,0
300.62,308.85,1451.1,61.75,203.7,1
304.2,312.44,1562.9,32.01,119.8,0
299.39,307.5,1857.3,42.27,75.7,0
300.2,311.23,1435.2,26.68,83.6,0
302.42,311.7,1426.0,40.9,219.4,1
298.87,309.5,1271.5,41.8,64.9,0
299.07,309.19,1545.9,16.32,116.5,0
300.71,311.42,1438.1,22.77,107.2,0
304.26,314.4,1389.4,41.08,149.0,0
299.62,310.04,1652.4,25.33,190.4,0
302.07,312.08,1533.9,38.22,100.2,0
300.99,311.94,1378.5,31.95,203.5,0
299.56,309.25,1693.0,40.14,36.9,0
303.57,313.97,1593.8,51.64,108.4,0
300.67,310.05,1499.6,36.31,153.7,0
302.23,313.2,1278.3,43.1,235.6,1
297.92,308.7,1582.1,37.7,221.9,1
299.05,308.95,1677.7,58.17,158.5,1
299.44,308.65,1666.6,44.96,188.2,0
301.07,312.1,1364.3,49.33,248.3,1
298.93,308.34,1553.4,62.9,242.7,1
300.62,310.76,1331.1,27.57,213.7,1
301.59,311.61,1687.5,30.55,120.7,0
300.16,312.5,1552.8,37.86,73.5,0
298.39,308.13,1455.8,45.51,64.7,0
300.79,310.26,1528.0,52.82,167.3,0
303.85,313.78,1492.7,34.95,37.7,0
298.92,309.86,1164.0,25.57,193.1,1
302.95,312.85,1596.7,40.74,18.7,0
297.61,309.28,1406.8,30.57,156.7,1
298.49,308.86,1475.5,44.57,178.3,1
296.95,307.08,1550.3,43.65,99.0,0
296.94,307.5,1332.6,51.09,211.0,0
298.37,307.76,1283.2,40.4,190.8,1
301.6,310.6,1536.3,40.39,250.0,0
300.73,311.25,1710.0,33.72,239.2,0
300.07,309.65,1544.8,25.44,116.6,1
302.91,315.07,1509.4,45.51,211.6,0
298.72,306.87,1233.0,37.62,94.9,0
302.96,314.77,1289.6,52.92,79.0,1
298.03,308.33,1491.6,39.06,4.9,0
301.5,310.27,1485.2,33.14,228.3,0
298.67,309.67,1466.8,45.52,18.1,1
304.07,313.66,1343.8,45.83,50.0,0
301.75,311.68,1494.9,33.05,159.5,0
299.24,309.4,1759.5,23.2,16.5,0
300.77,309.91,1313.3,40.8,133.8,0
298.76,308.97,1699.6,36.61,70.4,1
297.49,309.27,1512.8,24.14,199.4,0
300.58,310.86,1666.4,33.9,53.0,1
299.93,309.65,1701.4,49.84,44.0,0
300.16,310.49,1534.1,29.1,150.9,0
298.18,309.78,1639.5,29.51,232.1,0
302.26,313.42,1529.0,24.82,140.6,1
300.32,310.04,1549.3,30.25,81.2,0
297.06,306.84,1536.7,50.39,236.1,1
297.98,308.18,1393.0,56.55,76.8,0
300.49,310.24,1476.6,36.77,76.6,0
300.06,308.81,1471.8,44.3,90.1,0
305.19,314.07,1422.2,45.17,217.9,1
301.62,312.56,1655.7,42.69,146.1,0
299.96,309.94,1660.2,49.61,43.1,0
299.85,309.46,1750.9,46.72,202.5,0
298.23,308.48,1657.7,31.71,212.8,0
297.72,308.54,1490.2,46.0,32.5,0
300.6,309.81,1368.1,38.65,185.1,0
301.29,312.15,1595.1,30.05,2.7,0
298.33,306.72,1444.9,51.23,2.8,0
299.97,307.76,1430.4,35.3,40.8,0
300.22,309.15,1447.8,37.84,90.0,0
300.18,308.4,1593.1,38.17,219.2,0
303.15,312.32,1537.7,35.12,243.2,1
299.74,312.96,1573.3,28.59,147.6,0
299.74,309.78,1831.7,51.35,51.9,0
298.65,307.77,1616.3,55.45,211.4,0
301.04,310.78,1405.5,54.62,23.8,0
297.81,306.58,1577.7,34.76,68.9,0
298.23,306.47,1204.9,25.3,125.9,0
300.94,311.41,1485.1,40.74,199.9,0
302.09,312.24,1709.9,46.21,58.0,1
301.01,310.36,1367.0,36.23,78.7,0
300.64,310.54,1544.2,58.9,242.2,0
300.06,310.98,1470.6,48.3,57.6,0
301.42,310.25,1821.1,40.14,171.5,0
297.26,307.4,1623.2,60.85,146.4,1
301.97,310.58,1530.8,52.09,48.4,1
300.86,311.04,1397.3,31.91,37.3,0
298.79,310.32,1211.8,46.56,86.0,0
299.24,307.44,1588.0,20.06,193.4,1
297.6,308.62,1684.7,41.04,17.1,0
300.21,309.42,1319.7,45.79,186.3,1
301.25,311.47,1578.0,33.15,20.9,1
303.33,315.43,1662.1,36.5,1.1,0
297.0,307.1,1550.0,43.27,208.2,0
300.77,309.75,1537.1,57.69,182.6,0
300.13,309.22,1565.4,46.67,233.4,1
301.46,311.18,1676.5,31.17,184.1,1
300.24,309.2,1408.2,45.95,121.3,0
297.78,308.13,1392.5,49.95,52.8,0
295.84,307.19,1165.5,37.36,81.4,1
300.65,308.95,1408.9,49.78,47.5,0
298.47,308.43,1525.9,58.96,124.1,1
301.15,310.87,1634.7,37.09,182.2,1
300.69,309.76,1681.7,47.99,180.1,0
302.37,313.08,1262.2,44.98,228.1,0
299.99,309.96,1422.1,56.32,6.2,0
300.38,309.83,1508.6,45.13,126.7,0
297.74,306.89,1292.9,37.67,21.8,0
301.13,311.44,1524.7,46.1,13.2,0
299.0,309.31,1667.1,46.77,181.5,1
297.83,308.71,1457.5,46.13,32.5,1
298.95,309.68,1552.0,46.97,166.5,0
298.91,308.74,1443.9,43.75,93.1,0
299.12,311.61,1441.8,36.75,30.8,0
300.37,309.43,1527.1,32.59,212.7,0
297.78,307.43,1417.3,40.53,116.1,0
301.16,311.97,1671.7,39.64,30.1,0
301.75,312.33,1793.7,44.9,140.1,0
301.84,309.91,1440.2,23.82,70.2,0
299.27,308.5,1447.7,50.33,187.0,1
299.42,308.18,1716.7,55.78,53.3,0
302.25,312.17,1431.4,41.56,245.0,1
298.73,311.08,1773.8,22.51,22.7,0
300.37,311.01,1538.6,26.99,33.3,0
300.02,309.98,1652.8,58.07,45.9,1
298.81,308.95,1658.0,61.3,163.8,1
300.81,311.45,1494.2,52.52,203.7,1
298.23,306.61,1577.0,42.47,21.9,0
300.68,311.09,1338.8,26.31,11.6,0
299.97,309.62,1535.4,51.52,158.4,1
300.91,310.47,1510.5,51.02,228.1,0
300.96,311.68,1424.3,42.99,67.7,0
297.15,307.67,1272.2,39.84,246.0,1
300.06,310.13,1536.4,34.06,161.7,0
301.4,310.64,1496.6,31.26,2.5,0
299.1,308.13,1571.1,33.97,14.7,0
297.86,308.52,1445.9,17.84,151.2,1
301.25,313.19,1618.5,37.0,20.3,0
303.05,312.86,1522.4,36.81,204.9,1
298.97,307.93,1301.8,49.87,232.4,0
298.24,309.22,1316.8,35.08,242.8,0
301.93,311.97,1636.1,36.14,13.5,0
302.5,311.88,1558.7,42.46,76.8,0
302.22,312.11,1423.0,53.43,211.4,1
298.67,307.75,1050.3,35.95,130.1,0
296.03,306.56,1579.1,33.62,100.0,0
304.45,314.54,1539.6,45.2,11.4,0
300.99,310.96,1218.9,61.96,82.9,0
297.63,308.32,1382.2,24.35,138.0,0
299.0,307.24,1457.2,35.27,12.1,0
303.17,313.54,1423.5,28.25,4.2,0
300.91,311.46,1473.5,34.28,238.8,0
301.16,308.77,1670.6,22.87,244.5,0
299.7,307.14,1434.0,57.89,3.0,0
300.71,310.73,1299.0,40.97,5.5,1
301.32,311.09,1563.7,56.77,147.7,1
303.65,314.0,1767.8,31.44,30.4,0
301.46,310.95,1513.2,49.1,7.9,0
300.41,310.84,1761.7,24.75,107.4,0
302.0,311.91,1439.6,34.93,2.8,0
298.6,307.46,1513.4,36.13,142.2,0
300.4,309.55,1418.1,38.17,74.0,0
300.52,308.52,1682.0,47.85,61.5,0
297.64,306.55,1379.5,56.55,97.4,0
294.71,304.34,1479.5,52.81,73.9,0
301.04,311.45,1769.8,31.47,14.7,0
298.79,308.83,1512.6,36.51,75.8,0
300.93,311.21,1564.0,33.15,128.6,1
300.62,309.83,1552.1,64.32,231.6,0
300.54,310.55,1346.1,40.25,117.6,1
300.75,309.52,1453.1,59.12,24.4,0
298.33,308.27,1656.2,46.53,240.6,0
300.22,309.04,1617.0,41.25,156.8,0
299.6,308.47,1695.9,50.09,215.8,0
300.81,311.71,1458.4,41.52,10.4,0
297.07,307.32,1474.9,51.13,173.9,0
297.36,308.48,1388.4,27.87,199.2,1
296.96,307.49,1417.9,57.9,182.8,0
300.2,310.37,1326.0,38.07,201.6,0
298.41,308.34,1353.4,50.29,12.2,0
299.92,310.85,1646.8,30.09,221.5,0
298.57,309.23,1367.1,39.78,186.7,0
301.11,311.76,1697.9,29.39,0.0,0
300.17,310.92,1729.4,51.18,140.3,0
300.64,311.67,1525.5,48.41,42.8,0
300.51,311.1,1480.8,32.39,59.8,0
302.34,312.84,1492.6,45.08,196.6,1
300.49,311.05,1588.6,25.91,242.5,0
299.64,309.87,1458.9,36.76,105.1,1
303.44,314.93,1567.8,37.77,228.8,1
297.56,305.56,1652.1,52.6,95.6,0
296.43,305.42,1463.0,24.4,171.6,0
301.66,312.39,1698.4,33.74,1.6,0
302.9,312.79,1432.4,62.6,161.2,1
300.28,311.15,1591.8,57.15,9.4,0
302.08,310.09,1456.8,53.83,240.0,1
301.85,310.99,1431.3,13.52,200.6,0
298.86,308.58,1899.7,58.74,199.3,0
303.39,314.24,1528.2,58.35,40.4,0
302.64,310.85,1624.0,53.75,178.5,0
303.29,312.78,1471.7,38.01,40.7,0
298.77,309.46,1627.3,39.36,146.5,0
298.64,307.73,1479.6,47.85,146.7,1
295.57,304.83,1606.6,29.44,179.6,1
301.76,311.07,1425.7,31.44,215.1,0
299.24,310.05,1298.3,18.57,212.1,0
301.5,311.19,1581.4,63.26,81.4,0
301.31,309.96,1629.3,38.88,122.9,0
294.71,305.09,1445.9,53.89,67.3,0
300.55,311.59,1758.3,54.22,179.7,1
299.45,309.68,1437.5,42.21,93.8,0
300.07,309.34,1345.8,44.79,92.9,1
299.8,310.55,1520.5,39.46,203.1,0
299.74,309.82,1121.9,40.17,210.0,0
299.67,308.86,1275.7,27.62,76.9,1
298.9,308.42,1599.6,42.22,127.2,1
298.34,307.85,1302.0,30.47,150.4,0
299.51,311.02,1712.5,48.51,240.1,0
303.02,312.29,1424.8,67.22,174.5,0
298.06,307.79,1964.5,24.31,50.5,0
297.75,307.46,1214.3,43.54,122.3,0
301.24,312.46,1442.4,38.65,216.4,1
295.78,305.5,1583.9,43.59,92.7,1
297.16,305.19,1533.9,44.96,61.9,0
298.87,308.22,1370.0,32.41,164.6,0
299.47,308.56,1281.7,48.7,16.3,0
300.93,311.92,1476.1,33.63,69.6,1
301.51,314.1,1203.6,37.99,34.4,1
301.09,311.43,1632.8,49.38,236.8,1
301.7,310.83,1523.1,34.78,87.7,0
301.02,311.4,1563.4,17.68,29.4,0
296.35,305.27,1557.3,30.09,222.5,1
300.87,310.43,1556.4,38.01,177.3,1
302.48,312.8,1730.8,49.11,26.8,1
298.28,308.03,1588.0,44.41,146.8,0
300.91,312.73,1663.0,45.23,108.6,0
304.4,315.26,1240.3,46.17,249.3,1
298.28,309.98,1192.9,54.55,222.1,1
302.63,312.56,1551.5,43.6,180.5,0
299.34,310.38,1337.3,39.95,28.8,0
300.97,310.31,1362.0,46.55,211.7,0
301.79,311.12,1762.7,39.15,95.3,0
301.97,311.53,1368.3,59.28,157.0,0
300.08,309.02,1426.1,56.84,163.1,1
299.71,308.27,1656.9,58.88,141.3,0
300.09,312.52,1440.1,44.0,103.3,0
299.41,310.32,1370.0,17.19,164.0,0
299.63,308.52,1642.3,32.18,26.7,0
300.47,310.87,1477.7,30.55,32.9,0
302.8,313.23,1519.6,42.15,168.6,0
304.67,313.92,1416.0,40.53,230.0,0
302.21,312.17,1543.6,43.29,15.4,0
301.04,310.69,1485.3,49.33,110.0,0
298.79,308.23,1320.1,47.5,234.7,0
292.92,304.36,1496.9,27.42,102.9,0
300.13,310.37,1265.4,42.25,75.3,0
301.47,310.22,1380.4,41.01,131.6,0
300.38,311.32,1593.1,67.43,5.9,0
300.35,310.88,1519.9,34.56,153.5,0
296.1,306.1,1722.7,68.91,4.9,0
299.72,309.65,1542.9,45.09,249.0,0
301.41,311.04,1348.6,62.19,55.6,0
300.87,311.12,1402.2,34.68,174.1,1
298.77,307.12,1656.0,36.58,192.8,0
296.83,307.46,1527.1,45.16,242.6,1
302.49,312.8,1418.3,50.48,241.0,1
299.84,310.07,1623.8,59.65,190.4,0
300.57,311.57,1415.0,49.54,57.1,0
303.66,312.94,1585.5,30.11,98.5,1
302.38,313.71,1518.7,42.58,199.1,0
300.56,311.22,1605.1,36.03,186.9,0
303.38,312.77,1481.1,43.27,105.4,0
299.41,308.96,1453.5,48.53,155.1,0
302.25,312.91,1414.7,30.76,112.1,0
299.85,311.11,1449.8,48.33,196.5,0
301.41,310.7,1355.2,38.93,68.3,0
302.94,312.37,1531.9,34.3,179.0,1
302.44,313.16,1549.9,27.71,235.3,1
303.05,314.57,1372.1,52.09,175.1,1
299.35,309.78,1674.1,38.55,206.0,0
303.99,313.32,1258.9,28.21,107.9,1
300.02,311.72,1588.0,47.51,5.1,0
298.05,310.05,1697.7,38.2,136.9,0
300.69,311.31,1737.6,43.29,9.6,0
296.96,306.6,1504.4,43.34,165.6,0
298.11,306.94,1688.0,29.63,118.4,1
305.08,315.57,1464.3,41.56,194.2,0
303.78,314.49,1364.5,22.81,57.8,0
299.99,310.41,1499.5,41.75,54.9,1
298.85,308.86,1608.9,54.93,145.0,1
300.82,312.23,1502.7,25.5,177.8,0
296.81,306.84,1317.9,48.64,89.1,1
304.49,314.56,1681.2,29.03,15.3,0
300.57,310.89,1323.9,23.24,186.5,0
299.19,308.4,1481.9,29.8,138.0,1
298.49,310.39,1493.3,32.94,129.2,0
300.89,311.57,1393.2,36.51,114.2,0
300.02,310.38,1628.0,51.28,212.5,0
301.39,310.61,1530.2,39.34,195.2,0
301.0,309.3,1459.8,14.46,88.8,0
301.88,310.69,1563.6,43.16,38.8,0
298.89,309.62,1633.1,38.39,113.6,0
299.09,308.68,1738.4,38.37,249.3,0
300.73,311.01,1566.8,42.79,19.1,1
299.67,310.35,1648.4,49.04,249.2,0
298.83,310.17,1193.4,48.77,49.0,0
298.41,307.69,1633.4,41.07,228.2,0
298.37,307.52,1466.8,31.96,146.9,0
302.55,314.84,1690.0,30.1,206.6,0
298.68,308.44,1387.8,35.8,116.8,0
299.74,308.53,1608.4,31.56,6.9,0
297.5,307.71,1398.1,42.91,166.0,0
298.87,311.23,1642.3,38.02,61.3,1
296.7,305.72,1519.6,40.85,212.4,0
302.11,312.93,1702.9,47.59,229.5,0
300.11,310.78,1164.1,55.44,112.8,1
301.52,311.34,1644.0,36.2,225.7,0
294.01,303.98,1618.9,49.95,82.1,0
299.43,308.94,1440.0,32.81,65.5,1
300.87,311.0,1573.7,42.14,196.0,0
298.8,310.39,1634.8,35.45,226.3,0
299.54,309.51,1399.5,49.12,2.5,0
300.16,311.56,1584.9,42.53,135.3,0
296.27,306.3,1646.9,33.57,112.3,1
295.07,303.17,1440.0,61.2,35.9,0
301.82,311.83,1572.8,31.28,148.5,0
298.72,309.18,1523.5,45.72,211.8,0
301.65,310.78,1426.3,53.46,96.0,0
298.62,308.89,1583.9,29.46,24.6,0
302.28,312.73,1452.1,45.15,212.4,0
299.26,307.97,1761.0,44.74,7.5,0
301.59,310.06,1684.2,33.63,162.9,0
298.88,308.46,1378.1,61.17,42.2,1
297.59,306.53,1517.3,30.34,190.9,0
302.47,312.75,1473.0,29.57,152.4,0
302.38,313.45,1628.1,52.92,23.6,0
302.17,313.12,1523.5,59.75,217.0,1
298.57,308.76,1641.3,50.24,193.9,0
300.69,309.85,1651.6,32.07,60.1,0
297.7,308.73,1548.3,32.19,231.4,1
298.95,310.06,1520.8,41.93,18.5,0
296.56,305.58,1435.4,53.68,171.1,0
300.65,310.72,1483.1,46.82,180.9,1
299.62,309.21,1399.3,21.59,42.3,0
304.23,314.18,1815.1,39.67,16.6,0
301.81,312.09,1543.9,36.38,29.8,0
296.59,305.71,1247.7,47.25,159.3,1
301.93,311.57,1315.2,45.79,84.0,0
299.3,310.37,1817.3,45.08,87.0,0
299.55,307.69,1395.2,30.77,15.5,0
297.85,306.68,1514.1,44.84,196.8,1
300.92,312.08,1441.7,27.38,134.7,0
303.15,313.85,1643.4,29.79,190.8,0
301.59,312.15,1519.7,38.25,63.1,0
299.72,309.11,1470.5,41.68,168.0,0
298.68,308.45,1379.4,47.98,130.8,0
298.83,307.99,1759.7,41.18,23.7,0
300.86,310.65,1601.5,38.91,247.9,0
296.34,306.57,1424.3,44.31,63.0,0
299.34,310.76,1585.9,28.69,183.2,1
299.24,308.61,1416.1,27.02,190.9,0
301.91,313.16,1390.0,31.1,36.6,0
298.53,308.37,1618.0,46.83,143.6,0
301.63,312.12,1205.1,44.43,119.6,1
294.97,305.28,1516.0,41.88,60.3,0
303.42,314.19,1444.3,30.57,226.4,0
297.14,307.48,1507.7,29.42,136.9,0
302.3,310.84,1393.9,40.75,220.2,0
300.84,309.98,1275.7,23.77,191.2,1
303.57,313.56,1888.4,41.45,190.2,0
303.15,314.61,1676.8,21.16,21.6,0
297.78,306.0,1507.6,52.62,182.8,0
299.94,309.57,1472.3,42.69,7.9,0
303.49,312.92,1212.3,18.18,167.5,1
301.7,310.87,1451.0,29.12,164.0,0
300.96,311.5,1370.9,53.54,30.6,1
300.89,310.54,1510.4,32.0,162.2,0
301.85,313.21,1402.4,52.5,44.9,0
298.6,308.34,1658.7,25.27,223.6,0
299.02,309.69,1458.7,36.72,242.7,0
297.37,307.58,1448.7,51.12,224.8,1
298.69,307.22,1647.5,40.12,217.2,0
297.13,307.51,1550.7,39.31,151.9,1
299.47,310.95,1127.1,51.2,175.7,1
300.05,311.24,1182.8,37.47,44.3,0
299.66,310.07,1595.9,48.93,197.7,0
300.34,310.94,1694.2,46.03,67.9,0
301.67,312.4,1422.8,49.1,170.4,1
302.15,311.27,1851.1,31.12,104.0,0
299.28,308.9,1529.2,33.03,212.2,0
303.36,313.06,1426.5,32.66,58.0,0
297.25,306.75,1696.7,31.54,152.8,0
300.44,309.77,1611.6,39.61,72.3,0
301.89,312.81,1535.0,38.39,122.8,1
298.28,308.72,1582.0,24.63,79.8,1
295.3,305.3,1469.3,62.4,1.2,1
298.08,309.92,1396.2,37.3,55.1,0
298.9,308.82,1311.1,43.57,124.6,0
302.37,311.86,1432.1,20.54,180.3,0
302.78,312.47,1355.1,57.46,126.0,0
300.14,310.34,1634.3,39.63,80.7,1
299.75,310.66,1557.5,31.22,244.5,0
299.81,308.82,1585.0,32.61,29.5,0
298.56,307.95,1658.0,41.48,127.8,0
300.19,309.52,1445.2,42.96,18.2,0
301.19,310.43,1654.0,63.18,62.4,0
300.37,310.3,1553.3,37.7,145.1,1
299.82,308.76,1483.7,45.98,215.8,0
300.92,309.34,1836.4,37.72,0.7,0
298.29,307.33,1460.0,35.08,80.3,0
300.08,310.2,1533.6,39.66,38.3,0
304.34,313.99,1513.8,38.12,25.0,0
299.73,309.59,1531.1,44.85,163.9,0
296.45,306.92,1304.0,57.58,36.4,1
298.47,308.86,1574.5,35.16,165.0,0
297.7,309.54,1740.9,31.25,185.0,0
301.01,311.02,1484.5,45.37,205.2,0
301.63,314.63,1515.8,33.67,225.1,0
301.35,312.0,1436.3,29.79,58.3,0
301.52,309.76,1635.5,19.88,109.6,1
298.94,308.67,1272.8,43.85,3.6,0
300.12,309.87,1586.9,31.29,38.8,0
298.35,308.43,1569.3,54.51,21.5,0
300.32,311.49,1259.2,39.24,192.4,0
301.81,310.87,1568.4,45.41,68.5,0
296.94,305.2,1308.6,39.67,113.1,1
306.23,317.29,1510.8,53.32,57.7,0
302.19,312.78,1664.9,26.34,36.7,0
301.35,311.09,1522.8,48.32,175.6,0
305.69,315.23,1391.3,38.57,105.7,1
301.2,311.77,1353.5,40.68,50.2,0
299.98,310.93,1764.1,31.6,33.4,0
299.06,308.87,1529.7,40.64,206.8,1
300.48,311.58,1121.1,44.92,204.5,1
302.43,311.38,1415.1,47.07,192.7,0
298.76,309.51,1384.8,54.46,221.1,1
299.39,307.76,1631.3,43.22,131.2,0
301.9,311.57,1422.5,37.67,111.3,0
303.46,315.03,1472.1,43.73,69.7,0
296.0,305.17,1619.1,53.24,189.7,0
300.57,310.53,1605.2,30.7,133.5,0
299.8,311.15,1631.1,47.35,16.8,0
301.15,312.96,1434.3,38.72,92.3,0
297.03,307.03,1505.0,26.97,146.5,1
300.99,309.52,1490.6,49.36,214.3,0
299.89,308.97,1266.0,58.55,81.6,0
298.46,307.7,1636.1,43.43,168.1,0
300.8,310.68,1476.4,49.37,143.3,1
302.36,312.19,1358.7,25.45,41.2,0
301.22,310.09,1264.0,40.63,100.7,1
299.34,310.38,1462.8,46.51,167.0,0
299.81,310.21,1324.4,50.32,66.6,0
300.69,310.74,1606.5,39.24,228.6,0
298.82,307.34,1541.8,62.11,24.0,0
304.06,312.99,1498.5,31.23,232.7,1
299.4,310.13,1783.7,43.01,85.0,0
300.02,309.27,1493.1,39.37,87.0,0
296.35,306.71,1598.2,36.03,36.3,0
301.26,311.25,1716.1,48.29,107.8,0
298.33,308.61,1627.2,39.23,51.3,0
295.8,303.7,1570.8,44.52,189.8,1
298.74,308.55,1700.2,28.83,175.7,0
299.9,310.41,1596.6,61.75,37.7,0
304.42,312.51,1478.8,44.76,245.0,1
296.82,307.08,1446.1,36.91,113.2,1
299.91,309.52,1429.5,43.21,118.3,0
301.16,310.85,1474.4,26.81,147.0,1
302.57,312.63,1409.6,26.79,198.0,0
295.15,305.85,1511.9,43.11,214.1,0
296.86,306.95,1726.8,39.63,173.7,0
300.01,310.32,1246.6,34.23,119.2,0
296.64,307.62,1390.1,30.93,12.5,0
298.62,308.58,1374.9,54.23,49.8,1
300.89,310.93,1487.7,59.37,194.2,0
301.01,311.32,1562.6,36.56,75.3,0
299.78,310.0,1524.1,39.82,122.1,0
303.7,314.18,1391.3,29.85,24.4,0
297.83,308.32,1575.6,36.85,81.7,0
296.02,307.31,1469.4,33.66,102.0,1
299.38,310.08,1692.3,34.53,189.7,0
299.17,310.5,1505.4,53.28,69.4,0
297.97,307.25,1454.8,36.61,15.8,0
302.3,312.6,1386.1,40.11,35.3,0
299.62,309.54,1443.8,38.38,59.0,0
298.47,307.69,1622.2,44.23,96.8,1
299.29,310.12,1411.3,29.49,152.3,0
302.89,311.78,1617.0,29.8,86.9,0
304.41,312.73,1337.3,47.73,209.0,1
298.14,308.92,1319.5,38.33,133.3,0
299.49,308.29,1738.6,33.4,48.1,0
298.94,309.92,1725.1,36.91,156.3,1
298.17,306.62,1620.5,23.54,83.2,0
301.14,312.76,1433.8,31.76,55.4,0
300.71,308.28,1746.4,40.44,47.3,0
299.69,310.13,1659.0,28.57,201.4,0
302.77,312.09,1544.5,44.27,8.5,0
301.02,311.63,1673.7,47.54,244.9,1
298.57,308.45,1408.5,39.47,73.6,0
296.6,307.38,1641.7,45.44,105.1,0
300.66,311.0,1322.9,29.56,76.3,0
300.9,311.32,1639.5,22.9,34.7,1
300.09,310.08,1422.2,34.2,4.2,0
301.71,313.04,1575.7,34.42,74.8,1
299.55,308.49,1464.3,35.89,92.8,0
300.76,311.22,1754.9,35.67,142.2,0
302.52,311.63,1648.5,55.25,154.5,0
298.05,309.59,1450.8,47.98,31.3,0
296.67,308.01,1457.5,52.91,167.1,1
297.99,307.33,1724.3,24.33,164.2,1
300.42,310.46,1565.9,41.95,29.5,0
299.66,309.27,1512.0,28.78,129.7,0
303.13,313.6,1449.3,32.02,64.0,0
300.36,309.06,1274.4,42.94,178.0,1
301.79,311.55,1177.0,42.87,63.4,0
299.24,309.0,1491.8,39.75,195.3,0
299.93,309.85,1218.6,55.2,70.6,1
301.73,311.08,1493.8,41.28,9.8,1
302.92,313.19,1585.0,42.75,221.5,0
299.75,311.22,1510.7,20.45,125.5,0
297.59,308.01,1414.3,60.48,155.1,1
299.23,307.7,1554.7,37.18,122.0,1
297.85,308.51,1502.8,42.73,72.2,0
297.46,308.35,1416.7,49.28,247.1,1
302.19,312.53,1468.6,34.1,184.4,0
297.81,308.36,1302.9,32.01,153.3,1
297.39,306.33,1437.7,26.64,48.9,1
299.71,310.54,1301.7,33.99,158.9,0
299.32,311.27,1492.6,43.43,153.4,0
296.16,305.62,1487.5,31.98,204.6,0
300.1,309.81,1458.8,43.71,45.8,0
298.51,309.34,1429.1,28.07,98.1,1
300.59,311.53,1630.7,16.18,238.5,0
299.58,309.3,1454.9,37.26,105.3,0
300.29,309.87,1588.8,39.81,106.7,0
295.49,306.07,1316.0,35.41,128.1,0
296.66,306.22,1426.7,31.22,127.2,0
300.12,310.77,1526.1,36.06,15.5,1
301.76,312.6,1693.2,48.38,22.0,0
298.66,309.08,1569.0,38.33,125.7,0
298.55,308.51,1398.4,42.09,43.8,0
301.74,310.9,1540.3,37.39,33.0,0
299.81,309.38,1539.2,35.85,78.0,0
298.23,308.87,1245.2,37.11,112.9,1
301.49,312.26,1617.6,40.29,65.9,0
301.21,309.83,1427.2,41.3,151.9,0
302.74,312.04,1534.3,53.52,0.4,0
302.64,313.36,1465.5,23.68,241.4,1
298.01,307.29,1543.4,25.77,237.4,0
296.87,307.73,1699.4,54.76,149.2,0
300.82,309.78,1450.8,39.52,134.9,0
298.89,309.23,1577.3,23.52,148.2,0
301.11,312.44,1619.8,41.81,113.0,0
298.85,308.38,1735.9,32.61,10.6,0
297.03,307.52,1548.7,28.33,190.3,0
301.68,309.88,1505.2,36.18,21.7,0
300.34,310.57,1511.9,43.45,130.5,0
295.22,305.62,1830.7,34.9,233.2,1
302.12,312.41,1508.8,51.29,86.9,1
298.41,310.46,1468.9,32.9,248.5,0
300.2,309.97,1565.1,49.96,142.4,0
298.83,310.55,1781.6,32.31,132.8,0
299.08,309.46,1853.2,34.15,26.7,0
298.47,308.58,1821.3,58.23,218.6,0
298.13,308.97,1526.9,49.53,151.6,1
300.47,310.25,1477.2,43.39,215.3,0
297.48,307.44,1684.2,51.26,71.7,1
297.69,307.34,1434.1,27.62,240.4,0
298.49,309.6,1521.1,44.35,113.9,1
295.14,304.27,1413.5,26.42,132.0,0
303.19,313.36,1704.0,31.14,144.5,0
299.79,310.22,1710.4,52.5,21.2,0
296.22,306.93,1793.2,27.56,227.2,1
300.58,310.55,1328.5,43.13,47.5,1
299.83,309.87,1322.8,39.34,108.3,0
299.46,311.09,1424.7,33.19,91.9,0
300.28,309.57,1406.3,41.53,100.6,0
296.48,305.57,1203.8,47.4,104.1,1
299.03,309.46,1516.9,63.92,76.3,0
300.77,312.47,1809.5,37.21,200.6,0
300.15,310.42,1277.7,41.57,23.5,0
303.31,313.53,1761.3,31.02,122.4,0
296.52,306.0,1267.9,27.91,161.5,0
301.17,313.18,1327.5,37.69,102.8,0
300.55,310.75,1451.6,41.49,167.6,0
298.44,307.34,1589.5,33.42,162.2,0
303.17,314.23,1451.4,24.59,158.3,0
302.4,312.96,1644.1,32.44,110.0,1
298.97,310.95,1617.9,57.98,43.2,0
299.27,308.86,1581.7,25.05,133.5,0
300.96,311.69,1429.4,45.41,160.1,0
302.33,312.6,1428.8,38.75,178.5,0
300.35,310.7,1281.4,44.23,3.8,0
297.93,308.68,1483.9,51.43,132.7,0
301.57,312.28,1581.2,41.76,245.6,0
302.0,313.25,1455.3,34.83,1.4,0
299.63,308.54,1607.6,34.36,200.8,1
299.87,310.22,1624.0,32.01,74.8,0
300.31,311.69,1400.0,48.74,127.0,0
301.32,311.41,1526.1,39.07,201.2,0
301.72,312.42,1286.7,45.86,47.4,0
300.81,311.48,1577.5,27.12,111.9,0
300.23,309.01,1422.9,37.22,116.7,0
298.9,309.01,1276.0,33.97,7.7,0
301.0,310.48,1329.1,38.05,25.1,0
301.9,311.25,1344.4,35.87,101.0,0
299.08,309.13,1299.6,56.26,2.4,0
302.4,313.38,1279.8,51.97,132.4,0
303.07,312.21,1382.7,41.56,160.8,0
297.98,309.44,1754.6,35.52,203.5,1
294.95,305.08,1483.7,41.68,64.2,0
301.91,311.54,1439.0,46.12,242.7,0
301.15,310.48,1712.4,50.01,54.5,0
300.62,311.35,1551.8,42.86,145.9,0
302.85,311.6,1342.4,32.2,122.0,0
299.83,308.33,1666.2,34.84,230.7,1
300.28,310.62,1673.1,38.77,116.3,1
299.2,307.62,1335.9,44.35,191.1,1
302.24,311.76,1543.6,33.49,73.3,1
299.13,310.44,1575.8,41.93,5.2,0
297.31,308.26,1411.3,39.93,48.1,0
302.4,312.13,1884.0,33.97,218.4,0
302.22,311.17,1451.2,43.96,89.1,0
298.65,307.13,1809.5,29.75,224.9,1
301.8,311.37,1393.1,40.07,98.1,0
299.49,309.88,1344.5,50.8,11.2,0
302.45,312.66,1761.9,26.52,225.0,1
298.8,309.37,1502.1,57.46,186.5,0
297.83,307.81,1453.0,67.83,129.5,1
296.05,303.97,1911.0,61.24,237.6,1
297.38,308.26,1836.9,45.57,159.9,1
297.54,307.86,1489.0,37.89,106.9,0
301.31,311.07,1293.9,39.22,234.3,1
299.95,309.81,1472.5,46.77,23.3,1
299.96,308.03,1478.6,26.56,209.1,1
299.0,308.24,1241.4,51.76,211.0,1
298.91,309.21,1370.1,42.79,63.8,0
299.17,308.76,1665.7,60.22,44.0,1
299.95,310.11,1549.1,40.57,143.0,0
299.84,310.47,1500.0,11.34,174.4,1
301.9,311.55,1491.3,35.47,127.7,0
296.98,307.7,1413.6,12.98,171.7,1
301.49,312.34,1430.6,46.72,48.8,0
299.03,307.13,1561.9,45.2,212.8,1
301.28,309.72,1412.2,36.76,171.0,0
300.83,309.95,1665.8,45.27,34.9,0
300.89,311.51,1368.3,58.21,182.6,0
301.64,313.03,1463.5,54.05,30.3,0
296.7,307.11,1474.6,39.59,95.7,1
300.38,311.74,1497.5,37.33,72.9,0
295.03,304.44,1628.3,44.47,239.8,1
300.25,308.94,1499.8,33.96,31.4,0
305.86,317.71,1507.9,41.6,72.0,0
298.97,308.61,1619.7,50.73,152.5,0
300.67,310.77,1247.9,47.48,95.4,1
301.11,310.3,1361.3,46.41,39.6,0
298.6,307.4,1404.8,23.87,178.5,1
299.59,309.83,1339.5,53.53,245.1,1
297.61,307.66,1509.6,38.53,183.1,1
303.93,313.5,1829.0,46.46,149.2,1
297.85,308.44,1435.2,23.37,111.5,0
298.78,310.04,1425.3,33.24,53.7,0
299.56,311.29,1400.1,56.59,222.4,1
300.05,311.18,1534.4,54.94,64.8,0
301.57,311.28,1518.9,33.87,93.1,1
301.8,311.54,1544.8,50.69,68.2,1
295.02,304.35,1385.2,37.18,135.8,0
302.07,310.79,1396.0,21.79,13.1,0
300.01,310.25,1505.6,35.73,217.6,1
301.48,312.49,1558.8,31.03,191.6,0
301.86,312.04,1359.6,31.9,217.4,1
301.87,311.49,1568.0,37.61,225.4,0
305.57,316.55,1324.4,32.33,203.8,0
299.94,308.96,1380.1,42.71,129.9,0
303.13,313.63,1383.8,30.06,142.4,0
299.37,309.23,1517.7,39.68,26.3,0
299.74,309.76,1365.3,46.31,32.4,0
302.32,311.62,1463.3,36.44,2.1,0
300.17,310.59,1634.8,53.05,36.1,0
297.98,308.24,1704.9,20.44,139.7,0
301.3,312.16,1537.6,43.66,249.0,1
299.83,308.15,1593.3,26.65,28.9,0
299.88,311.83,1637.5,42.85,185.1,1
300.68,310.65,1351.4,38.88,248.2,0
300.08,309.68,1505.5,20.38,139.7,0
300.68,309.13,1377.6,48.95,95.9,1
301.57,311.0,1596.5,43.9,42.5,1
300.24,309.01,1489.0,42.42,239.6,0
298.73,307.77,1142.2,38.19,166.9,0
300.14,310.47,1431.8,42.45,157.0,0
301.99,311.88,1736.2,30.19,57.0,0
298.57,307.17,1340.2,31.52,12.4,0
300.21,309.49,921.5,50.74,143.6,1
301.92,310.67,1184.4,40.31,206.6,0
298.6,310.1,1278.6,41.91,228.9,1
302.39,311.48,1531.6,46.5,238.0,0
300.84,310.93,1401.1,40.04,55.3,1
298.48,307.28,1808.9,41.88,16.8,0
300.24,309.63,1511.1,50.03,219.5,0
301.17,310.06,1235.2,35.24,104.7,0
301.72,311.61,1454.5,34.54,134.4,0
301.9,313.34,1283.6,42.89,112.7,0
301.74,312.23,1516.2,44.71,131.7,0
296.65,305.63,1584.6,61.72,149.0,1
296.44,306.22,1474.7,43.92,128.2,1
303.18,312.72,1567.3,23.41,69.7,0
301.6,311.38,1507.9,51.63,59.5,0
301.13,310.59,1284.4,27.24,159.4,1
302.01,312.83,1733.0,43.85,214.9,0
304.74,314.46,1857.6,54.24,222.5,1
297.65,307.07,1284.6,37.85,124.6,1
300.47,311.27,1467.5,42.31,225.2,0
299.19,309.28,1570.8,41.39,19.8,0
301.6,311.76,1179.7,36.5,156.9,0
295.27,305.34,1634.0,34.8,233.7,0
300.13,311.2,1259.5,33.28,24.6,1
301.34,311.31,1786.3,46.94,28.2,1
299.77,308.62,1478.9,44.57,219.4,0
300.56,309.65,1655.9,42.91,0.8,0
298.86,308.24,1506.1,34.57,132.1,0
301.53,311.6,1358.1,49.05,232.1,0
298.2,309.95,1364.1,56.54,28.5,0
301.64,312.2,1365.6,47.57,239.2,0
303.44,312.12,1479.0,53.77,180.9,0
299.76,310.97,1486.4,54.94,96.6,1
304.02,314.32,1373.6,53.34,142.8,1
298.67,308.09,1373.8,57.42,6.1,0
302.2,311.65,1496.1,54.41,118.1,0
297.17,307.57,1456.7,40.15,118.9,0
302.5,311.33,1303.5,55.21,1.8,0
301.44,310.1,1688.9,47.24,80.4,0
301.35,311.34,1479.5,43.17,202.5,1
300.69,310.76,1730.8,38.75,192.0,0
302.9,312.89,1415.1,36.42,106.3,1
300.0,310.69,1703.1,54.75,33.1,0
303.08,312.26,1373.3,38.13,60.6,0
301.45,309.25,1390.0,32.74,194.5,1
299.86,310.04,1334.2,48.59,232.0,1
302.09,312.68,1518.2,34.45,131.9,0
297.95,307.06,1752.4,46.52,8.3,0
297.53,307.78,1550.9,30.09,77.7,0
295.98,305.13,1435.2,61.43,240.9,1
302.58,311.79,1509.2,23.02,138.1,0
299.33,307.3,1604.1,30.14,192.7,0
298.67,307.08,1576.4,53.42,51.4,1
301.51,310.93,1405.9,29.0,166.1,0
297.0,309.34,1473.4,42.53,185.4,0
300.74,309.65,1481.7,50.76,181.1,0
299.47,309.71,1569.7,42.28,144.1,1
299.51,309.31,1429.5,37.15,128.3,1
297.73,305.11,1762.1,45.56,11.8,0
298.93,308.84,1377.2,47.27,234.8,0
294.25,303.52,1607.4,49.42,151.8,0
299.75,310.44,1430.2,51.97,209.6,0
298.24,307.23,1340.3,46.59,57.3,0
302.16,310.98,1548.9,47.26,207.0,1
298.49,308.57,1518.8,30.81,82.0,0
299.64,308.13,1337.8,55.65,200.6,1
301.78,312.68,1642.9,43.88,144.9,0
299.19,310.56,1408.1,41.25,246.4,0
300.7,310.98,1359.5,45.8,7.8,0
299.42,310.44,1564.2,23.61,105.2,0
299.54,311.7,1620.4,44.48,48.9,0
298.6,306.72,1483.6,43.75,95.3,0
298.08,309.9,1832.0,42.05,14.5,0
302.18,313.21,1317.0,33.87,228.8,1
303.75,312.85,1487.6,35.5,204.3,1
302.95,311.34,1441.1,26.35,231.9,0
301.79,311.93,1682.6,24.78,100.6,0
299.96,309.5,1734.4,36.48,69.9,0
298.59,307.77,1622.6,23.82,117.9,0
297.7,306.21,1541.7,39.24,58.2,0
301.15,312.02,1618.3,51.09,101.3,0
296.78,307.14,1603.5,48.22,44.6,0
296.54,304.79,1595.0,44.88,23.7,0
303.06,313.43,1427.4,43.93,131.4,1
299.15,309.99,1699.1,36.73,22.3,0
299.15,309.96,1348.4,46.81,233.7,0
294.21,305.4,1769.2,33.88,113.1,0
298.49,308.36,1822.6,44.29,68.9,0
301.2,312.26,1354.8,58.38,240.5,0
301.12,309.49,1663.3,31.51,11.9,0
296.18,305.39,1734.2,48.31,50.3,0
296.52,307.94,1517.7,54.13,60.4,0
299.09,307.78,1544.7,37.87,30.4,0
297.52,308.08,1261.1,54.42,25.4,1
303.48,314.27,1661.6,54.17,125.1,0
304.5,314.83,1659.8,53.09,146.7,1
299.16,308.66,1548.0,38.17,189.8,1
296.78,307.12,1462.4,53.98,81.0,0
301.37,312.81,1326.8,28.41,82.4,1
296.35,306.37,1191.0,31.33,183.8,0
303.31,314.42,1403.1,29.28,5.3,0
299.38,308.86,1523.2,33.45,249.5,0
300.69,309.92,1612.0,42.65,28.5,0
298.8,308.53,1620.6,38.19,195.4,0
300.52,312.29,1480.1,50.05,37.4,0
298.99,309.76,1728.8,55.54,65.0,0
301.8,312.54,1523.2,47.67,194.9,0
298.35,309.21,1466.8,20.5,4.8,0
299.52,307.64,1758.3,37.26,208.4,0
297.13,309.76,1317.8,35.42,36.6,0
299.65,311.1,1601.0,49.58,48.5,0
294.2,304.73,1693.5,16.93,245.5,0
299.58,309.21,1801.8,31.77,125.2,1
300.46,310.24,1076.3,28.94,196.2,1
301.6,311.96,1501.1,42.04,23.3,1
299.01,308.07,1369.2,45.41,119.0,0
298.55,305.35,1425.8,40.38,171.6,0
302.94,312.87,1415.8,46.57,12.1,0
296.71,306.35,1427.0,32.14,82.0,0
303.7,312.79,1649.8,36.44,124.6,1
300.01,310.55,1373.0,33.81,173.6,0
304.64,315.46,1623.1,49.27,10.8,0
300.3,311.7,1619.2,17.06,153.1,0
299.47,308.36,1318.2,26.68,22.8,0
299.43,309.14,1623.8,37.35,51.5,0
296.56,305.8,1413.1,33.93,248.2,0
297.83,308.04,1385.0,34.74,31.2,0
299.96,311.4,1281.7,51.32,138.4,0
298.28,307.19,1356.8,44.16,154.3,0
302.34,310.74,1366.1,41.31,199.7,1
300.27,311.21,1551.5,47.56,92.6,0
301.0,310.51,1251.9,52.23,111.0,0
299.0,310.01,1262.4,28.23,51.1,0
299.63,309.89,1630.0,43.11,8.7,0
299.35,310.55,1321.1,54.77,173.9,0
299.21,309.6,1676.7,36.06,51.5,1
299.99,311.1,1715.4,28.17,85.3,0
302.56,311.72,1351.5,33.71,201.9,0
299.98,311.38,1786.2,42.59,127.3,0
300.57,309.48,1551.3,47.05,220.2,0
297.53,306.64,1451.8,50.65,177.4,0
300.87,310.27,1246.1,43.58,123.6,1
301.29,313.43,1606.9,32.12,75.9,0
299.54,307.77,1576.3,42.09,35.3,0
298.67,308.52,1452.5,55.68,176.7,0
301.79,311.33,1602.1,40.53,19.7,0
303.17,313.25,1452.7,40.66,243.1,0
297.93,307.1,1941.7,29.98,191.6,0
297.67,305.61,1150.9,47.7,228.6,1
299.7,310.87,1447.8,34.88,38.1,1
300.98,310.46,1582.0,40.95,57.9,0
300.86,310.84,1582.0,47.8,47.2,0
298.64,309.84,1852.0,46.56,152.3,1
301.78,313.02,1488.9,32.5,166.0,1
297.92,306.79,1467.4,29.97,246.7,1
300.53,308.72,1465.0,48.24,217.3,0
297.72,306.41,1363.8,43.48,205.8,0
300.0,311.53,1585.8,27.78,39.1,0
300.96,309.79,1645.2,63.39,249.6,1
295.54,306.86,1474.8,42.59,24.4,0
298.48,308.73,1329.2,21.1,136.9,0
298.09,307.77,1724.6,47.08,120.5,0
301.3,309.93,1308.8,41.52,101.4,0
300.64,310.6,1569.5,46.9,222.2,0
300.9,311.16,1490.2,33.38,186.7,0
297.55,307.87,1307.8,28.78,65.3,0
300.41,308.27,1565.9,46.44,208.8,1
299.58,310.54,1427.6,38.32,232.6,0
300.16,310.02,1577.9,38.59,104.9,1
298.84,309.68,1615.9,23.75,249.5,1
301.47,311.5,1595.1,46.13,109.0,0
297.57,307.12,1372.6,50.3,61.3,0
299.16,310.16,1679.8,37.07,22.7,0
300.86,310.72,1656.1,48.12,189.4,0
295.4,305.24,1707.6,35.62,3.7,0
299.72,309.06,1472.9,41.74,138.7,0
297.8,308.53,1632.3,40.26,128.1,0
300.78,309.73,1443.5,40.73,22.6,0
299.37,307.71,1626.1,37.24,153.0,0
300.15,311.21,1488.2,31.22,205.5,0
297.93,306.34,1384.2,35.9,62.7,0
298.05,309.61,1590.1,61.92,137.3,1
300.28,308.63,1491.7,36.13,143.2,0
298.85,308.11,1414.5,18.89,163.3,0
300.88,311.03,1552.9,44.29,237.9,1
301.16,309.83,1541.6,48.66,244.4,0
299.72,308.81,1490.9,42.41,184.9,0
299.66,310.29,1547.7,45.6,26.7,0
299.56,309.74,1650.1,32.91,131.4,0
299.95,310.55,1516.9,60.34,235.7,1
297.22,306.7,1632.1,35.67,124.5,0
301.27,309.18,1609.9,24.69,177.9,0
303.07,312.51,1478.5,29.56,52.8,0
301.85,310.52,1622.8,19.81,103.1,0
302.49,312.99,1332.8,24.18,204.0,1
299.21,308.92,1832.7,40.17,149.9,0
299.55,309.66,1273.7,35.86,189.8,0
299.23,309.89,1463.9,36.05,26.0,0
300.85,308.88,1488.8,43.5,55.0,0
299.27,308.89,1589.9,32.98,15.3,0
300.01,310.14,1184.9,46.53,172.6,1
295.94,305.6,1544.0,38.38,72.7,0
296.1,305.27,1588.7,30.52,101.6,1
301.42,312.37,1540.9,26.65,185.7,0
302.52,314.2,1361.7,49.38,143.0,0
301.28,310.79,1831.4,37.0,198.5,0
300.6,311.11,1509.3,39.39,154.6,0
301.44,311.63,1377.2,32.1,128.3,0
299.33,310.93,1387.5,61.15,152.6,0
299.12,309.57,1649.6,46.78,111.8,1
298.77,309.83,1293.4,28.02,124.7,0
302.0,312.74,1742.9,29.33,180.2,1
298.86,308.57,1546.7,46.94,162.0,0
302.31,312.53,1431.0,47.35,152.5,1
299.57,308.64,1585.2,49.23,1.5,0
299.0,308.89,1323.2,46.64,88.8,0
295.9,307.17,1574.5,43.63,85.2,1
301.22,313.22,1355.2,30.62,134.7,1
300.72,310.32,1378.9,36.67,118.9,0
303.09,312.39,1414.3,16.13,105.4,0
301.11,310.8,1626.8,21.95,60.0,0
301.25,311.93,1655.3,28.38,176.0,0
304.08,315.34,1380.7,41.42,167.6,0
294.94,303.7,1421.2,36.55,8.8,0
301.76,310.52,1537.5,30.62,246.1,0
301.57,311.1,1664.4,27.96,211.2,1
299.63,308.37,1325.8,30.31,215.2,1
296.35,305.47,1298.2,44.96,57.5,0
294.94,305.5,1463.1,38.87,130.2,1
300.7,311.02,1579.8,25.87,214.0,0
301.38,311.23,1487.7,41.13,64.7,0
299.02,308.51,1518.2,34.18,141.1,0
303.18,311.86,1287.0,28.09,107.7,0
303.25,313.28,1258.3,29.74,206.7,0
299.13,309.7,1640.3,34.67,19.9,0
298.86,306.93,1428.7,35.35,106.2,1
301.29,311.78,1604.4,32.32,135.1,0
297.87,307.24,1419.1,23.25,44.3,1
303.15,312.65,1336.5,46.52,84.8,0
304.51,314.73,1258.1,65.6,110.8,1
294.3,304.23,1648.6,41.06,158.2,0
301.36,312.92,1652.6,58.57,6.7,0
298.26,308.03,1509.3,39.15,106.5,0
298.72,309.57,1371.0,31.58,154.0,0
299.6,310.93,1543.9,39.25,29.2,1
294.86,304.48,1459.0,35.26,7.1,0
300.54,311.49,1513.9,53.53,149.9,0
301.11,311.38,1459.6,33.5,177.3,1
297.7,308.22,1298.8,37.1,233.5,0
300.6,310.08,1389.3,42.24,84.7,0
300.64,309.57,1474.0,39.92,243.9,1
297.45,306.66,1416.7,35.48,249.8,1
298.51,306.89,1551.3,48.95,92.2,0
300.53,310.95,1597.6,27.68,230.6,1
303.49,313.46,1461.5,36.0,148.8,1
297.94,305.65,1534.0,58.85,95.5,1
300.33,309.6,1559.6,47.86,95.4,0
300.39,310.16,1477.6,45.91,182.2,0
300.13,307.51,1277.7,41.58,85.0,0
299.59,309.65,1261.5,46.89,167.4,1
300.86,310.21,1533.5,40.69,227.8,1
302.19,313.85,1622.3,41.68,226.6,0
299.3,308.25,1494.0,34.08,188.3,0
299.99,311.47,1465.0,32.05,233.0,0
298.54,307.45,1628.1,49.03,228.1,1
300.63,308.21,1617.1,39.41,192.3,0
299.69,309.83,1451.9,53.96,5.8,0
300.34,309.92,1641.4,36.72,183.6,0
299.34,308.03,1639.6,43.11,114.0,1
301.14,311.76,1504.6,13.42,175.1,0
298.49,309.31,1461.9,45.99,190.8,1
303.37,313.06,1427.6,32.79,25.0,0
299.18,309.91,1637.8,45.58,225.4,0
301.26,310.46,1493.4,24.75,105.0,1
299.55,310.22,1490.0,47.19,241.1,0
301.48,312.02,1529.4,31.0,35.7,0
301.8,310.33,1877.0,51.91,19.7,0
303.69,313.69,1680.3,42.76,54.5,0
297.42,307.0,1556.5,46.91,6.3,1
300.72,309.73,1568.4,41.69,238.0,1
300.42,308.18,1876.7,39.8,240.1,0
301.48,310.96,1416.8,48.0,182.6,0
299.38,311.41,1533.7,38.27,169.5,0
301.05,310.2,1577.2,43.21,55.7,0
303.34,314.41,1382.4,14.54,222.7,0
299.91,312.13,1506.8,38.83,11.1,0
298.91,310.2,1522.2,31.21,70.0,0
302.52,313.79,1394.6,17.05,201.2,0
299.01,309.09,1487.3,33.47,63.2,0
300.71,309.87,1240.8,32.56,79.7,0
303.87,313.24,1591.6,41.63,129.4,1
297.04,306.9,1413.2,44.12,122.8,0
303.65,312.74,1421.5,32.7,202.9,0
294.35,305.45,1613.9,55.69,242.7,1
298.04,310.46,1704.4,41.89,153.2,0
300.43,310.49,1277.5,54.67,172.8,1
303.35,313.12,1728.7,39.95,112.7,0
299.71,308.85,1188.4,45.74,60.6,0
297.84,309.35,1688.7,45.92,190.3,0
302.15,310.18,1660.0,38.55,219.7,0
298.63,308.37,1435.6,29.27,141.1,1
297.42,308.62,1571.2,41.82,163.0,1
300.54,309.38,1661.3,41.22,87.6,0
303.71,312.26,1769.9,42.01,10.1,0
297.97,308.14,1666.6,27.3,39.4,0
302.23,311.18,1395.7,42.56,144.3,0
299.11,308.48,1353.4,38.98,248.4,1
300.94,310.38,1653.8,38.05,239.4,0
299.84,308.54,1524.0,34.16,145.4,0
301.19,310.6,1504.9,39.02,19.7,0
301.7,310.75,1513.8,21.9,228.8,0
302.52,313.11,1332.5,36.46,108.4,0
301.43,312.12,1405.0,34.75,230.1,0
299.44,310.0,1494.6,32.03,74.6,0
303.57,312.67,1412.5,28.16,195.6,0
297.25,308.39,1675.1,47.23,148.1,0
301.02,311.5,1429.3,42.2,146.3,1
299.19,310.37,1556.9,26.92,206.6,0
300.24,309.68,1678.3,56.62,162.5,0
298.14,308.47,1590.5,26.56,4.4,0
302.86,314.03,1580.8,25.69,133.5,0
299.48,307.8,1477.3,48.43,157.5,0
297.58,306.92,1394.7,45.26,61.6,0
296.28,305.52,1234.1,49.34,98.2,0
300.41,310.6,1787.5,49.14,139.3,1
300.52,311.97,1514.3,38.81,190.1,0
299.06,309.54,1360.0,29.57,127.0,1
299.38,308.4,1413.5,32.21,176.6,1
298.99,309.06,1537.0,35.01,183.9,1
299.78,311.13,1471.6,42.05,62.4,0
300.61,310.24,1414.6,35.52,155.8,1
301.13,312.93,1401.0,32.83,202.7,0
303.84,313.86,1265.8,37.19,242.6,1
297.89,308.07,1244.8,30.64,53.5,0
298.88,307.75,1390.1,46.59,147.9,1
302.02,313.33,1655.6,50.36,241.2,1
301.67,311.33,1521.1,35.79,25.2,0
300.84,311.82,1558.8,48.81,7.6,0
300.87,311.53,1272.2,29.23,120.0,1
299.22,309.8,1512.3,20.58,33.1,0
300.49,310.89,1533.4,45.16,46.2,0
299.73,307.78,1604.3,41.75,96.0,0
303.19,312.65,1350.2,27.58,6.8,0
302.11,312.43,1475.2,33.53,167.4,0
299.94,308.97,1282.7,37.08,75.1,0
300.37,308.9,1680.4,49.14,188.6,0
299.8,309.36,1537.3,41.68,150.6,0
299.74,309.17,1518.0,37.95,15.9,1
299.33,308.06,1147.3,30.61,115.8,0
298.26,309.68,1222.7,44.49,88.4,0
299.6,312.02,1569.0,56.96,200.9,1
299.08,306.17,1332.8,46.8,96.5,1
299.38,309.46,1804.6,27.05,241.8,0
299.26,309.9,1396.3,40.11,60.2,1
299.15,309.46,1576.9,45.89,216.1,0
298.96,309.3,1078.2,48.35,77.8,0
299.73,310.98,1484.9,38.03,57.2,0
300.62,311.42,1547.7,68.86,162.5,1
300.67,312.25,1477.5,46.79,214.9,0
299.33,310.51,1431.0,30.55,191.8,1
299.74,308.17,1800.9,52.63,233.9,1
302.26,312.89,1678.5,42.92,65.9,0
302.15,313.37,1161.1,34.01,138.9,0
299.75,308.72,1785.9,17.81,158.7,1
300.24,310.61,1522.0,49.97,156.7,1
296.32,307.73,1530.5,54.06,220.6,0
303.27,312.23,1337.3,30.94,203.4,0
294.66,305.76,1194.4,61.74,125.7,0
301.59,312.71,1494.0,40.84,20.3,0
298.7,308.81,1236.9,43.15,228.8,0
301.86,311.75,1370.8,24.64,236.8,1
300.71,309.36,1701.2,34.54,32.3,0
303.57,313.0,1405.9,38.68,176.3,0
299.4,309.4,1608.4,41.94,27.8,0
303.13,313.75,1717.4,38.22,40.2,0
300.92,311.91,1529.4,19.24,241.4,1
300.0,308.49,1353.4,43.36,10.9,0
299.18,309.12,1440.6,31.81,98.4,0
299.71,310.33,1253.5,39.76,0.0,0
299.55,308.47,1421.6,42.36,59.1,0
296.46,307.47,1356.7,37.63,187.1,0
296.67,307.91,1550.7,28.12,194.6,0
301.34,310.29,1443.1,38.32,79.1,0
301.5,311.33,1684.5,35.87,128.4,0
300.36,309.59,1691.6,42.12,246.6,1
298.09,309.06,1660.6,50.39,175.0,1
300.58,309.77,1493.1,46.11,240.1,0
301.12,312.04,1311.3,50.96,198.3,1
297.69,307.65,1450.5,47.86,174.7,1
300.0,308.14,1442.1,43.56,244.3,0
300.12,309.35,1418.6,35.92,181.1,0
299.96,309.37,1542.4,53.9,47.0,0
301.65,311.63,1720.4,47.78,84.1,0
298.81,308.05,1232.9,42.69,135.5,0
302.05,312.95,1575.7,33.24,168.2,0
297.53,309.08,1532.0,57.53,235.4,1
302.9,313.67,1598.8,23.91,35.9,0
299.14,309.05,1662.8,36.45,94.5,0
300.95,311.96,1259.9,40.58,230.5,1
300.28,309.95,1349.8,60.59,60.1,0
302.07,311.88,1363.4,24.5,4.7,0
299.67,310.1,1622.8,38.08,131.6,0
297.48,307.74,1626.8,39.97,139.7,0
301.64,309.79,1517.3,35.19,130.9,0
300.22,311.74,1553.7,39.0,40.0,0
296.1,306.55,1888.1,53.6,22.4,0
302.39,313.82,1464.5,41.56,74.3,0
298.19,308.56,1437.5,41.68,83.7,0
300.87,311.42,1633.7,43.48,177.3,0
300.81,310.82,1625.6,56.09,102.2,0
299.42,309.99,1451.2,32.97,206.5,0
297.95,308.42,1503.2,54.81,128.2,0
301.87,311.51,1406.2,37.2,75.7,0
301.87,313.15,1485.3,39.22,165.2,0
297.82,309.26,1553.6,26.36,1.3,0
298.68,310.32,1591.5,32.59,202.7,0
302.26,310.77,1533.6,54.26,145.2,0
300.27,311.69,1552.9,64.18,220.1,1
298.44,307.56,1527.2,37.88,102.9,1
300.42,307.96,1514.0,30.26,204.9,0
296.99,305.73,1588.3,37.76,12.2,0
296.68,306.29,1246.6,23.94,222.1,0
301.22,310.02,1760.1,52.77,108.4,0
297.72,307.1,1577.2,41.18,89.9,0
299.63,310.17,1396.0,17.56,179.6,0
299.67,311.47,1426.2,40.24,76.1,0
301.5,309.53,1763.5,44.88,179.3,0
301.51,310.77,1543.6,34.96,131.8,0
303.63,313.03,1658.7,43.55,95.3,0
300.26,308.57,1318.0,58.57,219.2,1
298.92,308.95,1460.1,25.07,174.4,0
300.7,308.74,1408.9,45.76,233.3,1
302.29,311.19,1585.5,47.55,229.4,1
298.86,307.94,1703.3,47.92,133.7,0
299.8,310.29,1617.1,29.75,227.9,0
300.23,309.35,1337.0,49.5,142.5,1
301.59,312.1,1743.6,36.89,75.4,0
298.81,308.26,1450.1,38.99,70.7,0
302.58,313.91,1470.6,36.07,142.4,0
298.42,306.67,1395.1,35.63,31.9,0
299.77,310.2,1758.7,42.0,11.9,1
301.31,310.8,1448.9,49.71,93.7,1
298.38,309.4,1449.7,34.7,96.8,0
299.94,309.28,1514.7,57.09,18.0,1
303.51,313.01,1322.8,34.99,233.7,0
296.69,307.32,1366.0,54.62,33.0,0
301.37,310.11,1408.9,34.07,170.7,0
301.1,311.92,1600.1,42.34,14.6,0
299.39,308.2,1322.9,21.62,51.6,0
300.06,308.87,1474.1,46.84,10.8,0
297.92,308.95,1382.1,28.6,181.0,0
300.68,311.92,1322.8,28.93,31.1,0
300.37,310.96,1566.8,39.5,204.8,1
301.08,310.27,1295.1,39.37,174.7,1
299.04,309.09,1694.9,54.11,36.0,0
302.03,310.25,1511.2,29.8,155.0,0
296.81,306.09,1406.4,31.78,205.2,0
300.93,310.37,1322.4,51.94,136.6,0
297.89,307.73,1522.1,48.61,220.1,0
299.11,308.74,1530.4,41.85,132.0,1
299.83,309.8,1495.0,52.98,160.5,0
296.47,305.46,1605.5,32.78,173.9,0
297.19,306.1,1541.7,63.44,108.7,0
300.03,311.33,1335.8,36.27,205.2,1
298.3,308.46,1358.7,58.72,202.8,0
300.36,311.11,1734.5,43.69,124.2,0
301.74,311.94,1638.6,45.46,212.6,0
302.09,312.54,1420.9,42.56,190.5,0
298.9,308.24,1259.2,30.88,80.4,0
298.94,308.1,1496.7,36.08,192.1,1
300.48,310.76,1738.1,34.24,72.0,0
300.31,309.92,1669.4,45.57,154.0,1
300.36,310.18,1676.8,44.88,193.5,0
299.12,308.91,1462.2,24.01,226.7,1
300.78,311.44,1382.6,43.85,200.3,0
299.52,310.2,1383.0,44.57,172.7,0
302.04,313.05,1446.9,62.1,168.7,0
300.38,310.63,1599.9,57.49,30.2,0
300.77,310.37,1569.7,52.32,109.7,0
299.05,306.39,1158.6,43.25,247.5,1
299.63,310.73,1500.1,40.29,41.8,0
297.01,307.32,1584.6,41.76,196.5,0
298.12,307.07,1473.7,36.48,23.2,0
303.74,313.74,1309.6,30.41,26.1,0
297.2,306.24,1629.0,43.02,113.7,0
298.74,309.18,1494.0,39.68,77.4,0
300.54,310.57,1423.5,52.51,144.0,0
302.27,312.71,1571.0,56.15,167.3,1
298.83,309.22,1593.9,30.05,212.6,0
300.6,310.55,1438.8,26.1,94.6,0
299.65,310.0,1296.4,38.73,130.3,1
299.13,309.92,1509.5,38.95,63.8,0
300.74,309.55,1379.9,55.65,9.8,0
300.49,310.93,1496.4,22.3,6.9,0
300.59,308.49,1280.6,40.86,194.2,0
301.36,309.66,1420.1,23.74,51.9,0
297.87,309.77,1299.1,38.78,146.3,0
303.48,312.44,1506.0,46.25,196.8,0
300.44,310.57,1584.5,35.08,226.4,0
296.81,305.9,1520.4,44.81,95.2,0
298.68,309.66,1526.4,27.07,141.6,0
299.66,310.95,1414.1,49.55,143.8,0
299.0,307.73,1443.8,44.72,202.6,1
300.61,310.13,1622.9,27.36,174.8,0
299.31,307.19,1587.3,38.75,80.0,0
299.04,307.92,1683.9,50.53,231.0,1
299.29,309.93,1744.8,37.04,229.1,0
298.67,306.71,1459.3,47.67,120.1,0
298.44,307.3,1602.7,37.56,249.7,0
299.82,311.37,1737.6,26.82,151.7,1
301.37,311.34,1742.2,33.19,168.8,0
299.11,308.69,1363.4,47.99,118.7,0
300.96,309.45,1360.2,52.17,150.8,0
298.01,309.2,1518.9,29.6,56.6,0
300.1,309.16,1735.3,46.07,64.8,1
303.23,313.22,1384.8,40.44,81.5,0
301.27,310.0,1638.6,26.99,52.6,0
299.39,309.61,1428.8,41.96,52.1,0
300.31,309.11,1365.5,32.71,144.0,0
298.04,307.69,1155.8,47.08,183.6,1
300.5,309.68,1197.3,26.36,58.1,1
302.4,311.25,1513.7,46.27,99.3,0
300.45,310.33,1669.9,52.47,106.5,1
300.96,311.74,1607.7,24.37,107.5,0
300.06,309.0,1315.2,27.22,119.3,1
300.84,309.66,1442.9,37.46,12.5,0
299.89,309.51,1306.8,37.0,196.0,0
299.21,309.29,1236.3,35.92,182.1,0
297.79,307.74,1545.3,34.69,59.3,0
300.0,308.86,1405.1,48.66,69.1,0
299.5,309.74,1572.6,41.24,210.3,0
299.65,309.22,1639.8,44.63,58.4,0
301.75,311.56,1438.3,26.78,195.2,0
300.6,313.02,1373.0,41.93,119.4,0
296.24,306.42,1852.6,52.71,144.4,0
299.34,310.39,1456.0,40.1,197.4,0
301.53,310.95,1394.7,36.77,29.7,0
299.92,309.9,1276.3,40.6,129.8,0
299.57,308.48,1403.8,41.43,99.7,0
297.92,307.13,1720.6,57.36,157.7,0
299.01,308.22,1530.3,25.53,115.3,0
302.2,311.54,1542.7,36.0,92.1,0
297.01,305.87,1573.0,28.38,133.9,0
299.43,309.14,1496.2,42.6,31.5,0
298.6,307.74,1184.7,41.4,113.8,1
299.01,308.07,1594.0,32.65,87.4,0
296.31,306.08,1625.4,44.77,71.6,0
301.56,310.45,1579.0,28.51,23.6,0
300.53,312.9,1547.0,31.89,111.6,0
298.76,307.57,1365.2,39.83,239.4,1
298.57,308.87,1420.1,49.69,149.2,1
301.91,311.0,1560.2,57.21,60.2,0
298.66,307.26,1437.9,30.95,171.1,0
299.01,309.99,1593.6,35.0,222.7,0
299.24,309.17,1651.0,46.91,4.5,0
303.16,314.86,1707.0,33.3,107.0,0
300.39,312.42,1590.9,25.68,184.2,1
299.85,310.14,1579.8,41.48,26.0,0
298.25,307.88,1295.0,40.06,31.8,0
300.38,313.01,1336.2,50.92,100.6,0
300.12,309.86,1617.5,38.57,160.4,0
297.0,306.36,1561.9,38.39,163.5,0
297.14,307.3,1432.5,45.07,62.1,0
299.14,308.76,1517.8,45.28,159.5,0
293.41,304.57,1489.0,32.92,71.9,0
298.2,307.47,1322.1,26.48,77.2,1
300.65,310.7,1583.4,39.34,152.2,0
301.35,310.33,1409.1,28.9,56.9,1
299.28,309.95,1526.4,40.2,36.3,0
299.72,308.81,1236.7,45.41,75.6,0
296.46,305.74,1603.2,34.08,208.5,0
297.81,308.74,1225.1,36.03,37.5,0
301.28,309.61,1431.7,50.87,87.0,0
304.31,313.83,1380.6,51.56,146.6,0
303.02,312.25,1423.6,32.97,106.5,0
300.36,311.3,1147.7,28.44,150.1,1
300.82,311.2,1673.2,53.88,237.3,0
302.23,311.84,1497.5,48.26,182.3,0
297.87,307.48,1304.3,43.72,114.4,1
300.17,309.79,1370.3,22.2,101.4,0
299.64,309.9,1563.3,39.34,206.7,1
300.04,309.06,1638.3,50.69,190.2,1
297.41,307.24,1818.5,34.96,152.1,0
301.99,311.23,1314.7,36.5,116.8,0
296.98,309.18,1466.5,44.35,165.3,0
299.5,308.6,1373.8,47.37,147.4,0
304.05,314.31,1438.1,37.02,50.7,0
299.96,311.4,1579.4,38.69,92.8,0
298.95,308.18,1498.8,23.88,72.9,0
304.14,314.33,1609.1,49.6,51.4,0
300.22,309.21,1196.6,43.16,189.0,1
305.69,316.1,1496.7,59.39,120.9,1
297.23,306.43,1478.3,43.54,15.9,0
300.45,310.24,1710.2,44.35,202.2,0
300.4,311.69,1452.6,37.1,143.5,0
301.77,309.73,1878.0,39.62,8.0,0
301.09,309.99,1553.8,40.35,208.9,0
303.56,312.23,1459.5,30.9,183.5,0
299.41,311.75,1571.2,34.94,68.3,0
300.82,311.99,1436.8,38.83,58.1,1
297.79,310.25,1426.6,61.33,161.1,1
301.74,311.24,1345.6,52.23,207.7,0
297.38,307.33,1533.5,35.28,216.3,1
301.1,312.19,1639.0,35.95,240.4,0
301.57,310.8,1431.5,40.72,135.7,0
298.76,309.61,1463.9,43.62,19.1,0
300.59,310.29,1701.0,36.27,132.8,0
302.78,312.69,1700.0,36.62,25.2,0
302.81,313.75,1470.3,42.87,151.1,1
296.02,304.89,1574.9,46.73,95.6,0
301.9,312.22,1440.1,50.64,186.3,0
302.36,312.11,1736.3,41.83,19.6,1
302.45,314.64,1734.1,48.77,229.5,1
298.68,309.35,1490.0,40.58,155.5,0
300.75,311.19,1205.9,40.39,101.4,0
298.41,308.56,1604.2,32.56,75.6,0
300.0,310.34,1418.0,40.19,239.1,0
300.3,309.01,1283.6,22.17,160.8,1
298.12,308.56,1721.1,39.98,110.8,1
298.99,308.09,1442.8,37.07,94.4,0
298.44,308.52,1532.3,25.76,44.6,0
300.96,311.54,1606.0,45.72,54.9,1
298.33,309.65,1380.1,43.53,176.4,0
296.56,305.99,1482.2,53.87,121.1,0
298.25,309.63,1688.7,32.81,195.0,1
298.79,307.61,1648.8,27.72,207.0,0
300.55,309.21,1515.1,16.96,155.2,0
299.93,309.98,1533.7,32.7,98.5,0
296.41,306.94,1583.3,27.6,61.1,1
293.12,301.95,1712.0,37.78,54.2,0
300.13,310.23,1347.8,34.7,69.9,0
301.31,309.38,1457.2,34.81,27.3,0
301.39,310.89,1299.9,45.63,217.9,0
301.26,312.01,1554.1,50.49,125.4,0
297.43,306.84,1645.1,41.43,148.5,0
299.55,310.21,1653.4,53.42,167.6,0
297.58,308.21,1493.5,33.93,106.3,0
302.44,311.83,1559.6,42.41,98.9,0
301.89,312.05,1391.6,44.41,5.8,0
300.71,311.04,1371.3,49.6,160.0,1
298.98,307.08,1612.0,37.88,58.5,1
296.26,307.31,1613.0,59.03,231.0,1
299.62,309.35,1404.3,52.95,41.4,0
304.36,314.41,1513.5,53.79,8.8,0
301.75,310.38,1575.8,35.36,169.1,0
301.7,311.65,1292.5,34.35,165.4,1
296.31,307.13,1337.5,23.36,72.8,0
301.9,313.21,1188.2,27.95,91.3,0
299.08,308.84,1365.9,28.41,136.9,1
298.96,310.33,1710.7,56.65,32.4,0
301.39,312.94,1792.2,40.7,111.0,0
295.13,305.7,1597.1,43.74,210.2,1
299.52,309.96,1477.0,41.96,109.9,0
301.46,312.77,1761.7,31.79,137.2,0
301.73,310.4,1596.8,30.16,0.8,0
295.59,306.68,1523.0,20.79,161.3,1
299.65,311.46,1440.6,39.09,89.8,0
299.3,310.35,1240.3,37.09,68.5,0
300.32,309.71,1823.7,29.42,136.7,0
301.28,312.04,1499.3,55.63,88.5,0
299.48,308.34,1568.9,57.17,121.2,0
301.34,308.71,1652.8,29.77,147.1,0
305.32,314.58,1226.9,45.59,24.4,1
300.44,311.31,1448.7,58.78,189.1,1
298.78,308.9,1450.4,46.63,34.5,0
300.49,310.03,1657.2,50.68,228.9,1
301.59,309.63,1531.6,40.52,78.1,0
301.3,312.6,1752.1,55.18,226.5,1
298.49,308.43,1594.4,45.52,249.5,0
299.4,309.35,1571.9,25.52,240.5,0
302.05,313.29,1610.6,34.13,32.2,0
299.53,308.91,1517.6,26.38,171.7,0
304.25,314.13,1461.2,39.26,243.5,0
304.17,313.39,1549.1,27.0,133.4,1
299.13,308.78,1384.3,51.26,61.0,0
301.78,312.68,1596.4,36.14,172.1,1
298.23,306.36,1368.8,46.88,117.2,0
301.07,313.14,1641.5,62.12,49.8,0
301.73,309.3,1596.7,51.73,106.6,1
298.79,307.67,1590.2,26.98,9.9,0
298.89,308.02,1614.0,43.71,199.6,0
300.53,309.24,1470.8,53.74,37.5,0
297.27,307.0,1457.9,15.36,87.4,0
300.2,310.9,1570.1,46.15,165.3,1
299.74,309.74,1264.0,52.4,29.4,0
303.32,312.93,1483.5,44.04,135.7,0
299.14,310.05,1434.3,32.82,224.8,0
299.07,308.13,1679.0,38.78,234.4,1
301.43,311.31,1459.2,37.31,237.3,1
297.28,307.32,1725.8,39.36,206.7,0
300.41,311.49,1504.6,51.11,151.8,0
299.13,310.64,1468.4,34.0,156.0,0
299.22,308.87,1370.2,48.73,31.1,0
301.67,312.15,1478.3,45.61,234.6,1
298.22,307.51,1565.4,49.39,206.6,0
299.02,307.74,1632.4,43.32,165.1,0
299.81,311.05,1829.8,43.43,219.5,0
296.82,305.05,1442.1,40.22,124.2,0
300.79,310.6,1487.2,31.37,236.9,1
300.59,311.18,1259.8,46.53,91.7,0
300.04,310.01,1675.6,27.71,89.4,0
304.78,313.23,1412.1,46.12,99.7,0
297.54,307.95,1333.9,41.04,13.4,1
299.84,308.8,1674.7,53.89,36.1,0
297.55,309.27,1710.5,38.36,83.1,1
298.63,307.68,1653.4,51.51,200.1,0
298.98,307.9,1517.4,29.4,73.1,1
299.79,309.12,1486.2,37.85,168.9,0
299.18,308.42,1494.2,33.15,52.2,0
299.64,308.82,1579.7,18.92,187.3,1
300.42,310.14,1492.3,35.7,146.9,0
300.18,310.73,1509.5,27.68,98.9,0
297.18,307.09,1320.8,40.03,186.0,1
298.5,308.67,1539.0,48.71,79.0,0
300.26,309.81,1614.0,37.64,8.7,0
298.13,308.86,1609.8,44.0,25.2,0
298.73,309.68,1722.8,39.65,123.7,0
299.55,309.52,1346.4,41.86,191.2,0
301.68,310.51,1685.5,55.5,66.7,1
301.29,310.88,1678.9,44.14,89.6,0
301.48,313.46,1525.6,33.89,203.5,0
298.1,309.88,1455.8,30.84,65.3,0
299.76,307.5,1615.3,19.47,59.7,0
301.97,312.35,1506.6,24.59,162.2,0
296.03,306.99,1465.2,40.7,92.5,0
299.2,309.23,1824.8,41.07,189.8,0
296.75,308.01,1567.4,24.53,220.4,0
304.2,314.47,1313.1,24.15,71.5,0
298.11,309.49,1426.3,28.37,213.5,0
298.32,309.53,1656.3,56.67,161.9,0
302.17,312.96,1578.0,27.56,145.0,1
300.34,309.85,1367.4,49.79,142.7,0
299.82,309.26,1537.9,35.84,224.7,0
301.48,310.1,1482.5,35.3,73.2,0
301.31,310.08,1686.9,49.74,233.8,1
300.16,310.83,1184.0,39.41,178.9,1
301.49,311.56,1383.5,29.3,79.0,0
295.46,304.07,1477.3,32.76,128.3,0
300.03,309.29,1710.4,69.43,71.4,1
299.85,309.84,1412.4,37.95,186.0,0
303.94,315.61,1629.8,34.13,0.8,0
302.44,311.17,1473.1,42.76,135.3,0
302.12,312.23,1484.9,34.0,45.6,0
300.4,310.96,1530.1,30.52,79.6,0
297.89,305.83,1773.3,31.42,192.1,0
301.11,310.88,1493.8,37.31,147.7,1
298.09,307.2,1640.2,56.39,41.8,0
300.69,311.42,1712.0,29.42,28.2,0
297.46,307.34,1483.3,36.85,37.7,0
302.88,313.99,1488.8,18.44,204.7,0
301.01,311.77,1624.6,30.46,61.6,0
300.48,309.02,1445.8,41.45,15.0,0
300.93,311.29,1301.9,59.38,211.3,1
301.12,312.73,1347.2,33.92,104.7,0
298.09,306.83,1307.7,40.61,201.5,0
299.87,308.71,1484.7,56.79,90.3,1
302.39,312.3,1729.4,44.53,128.2,1
301.5,311.05,1723.8,58.2,164.8,1
300.88,311.56,1474.8,25.37,245.1,1
301.4,311.49,1582.3,50.36,87.3,1
302.01,310.64,1704.9,36.92,190.1,0
302.26,311.21,1194.3,39.37,103.2,0
299.44,310.23,1360.9,26.7,53.7,0
297.68,307.83,1417.9,46.33,149.5,0
302.6,312.41,1614.5,49.6,206.8,0
300.6,309.93,1627.6,33.03,239.2,0
297.15,305.78,1794.6,51.12,117.8,1
300.67,310.78,1398.6,41.38,123.2,0
298.21,308.42,1340.0,29.05,96.8,1
298.96,310.01,1369.1,36.44,36.1,1
298.84,309.26,1378.2,33.42,88.9,0
299.49,310.55,1737.4,52.5,187.3,0
303.13,316.27,1714.7,49.26,86.7,0
297.59,306.71,1187.6,47.27,135.1,1
302.3,311.98,1519.0,32.52,143.9,1
297.47,305.6,1403.6,48.79,217.9,0
300.58,311.34,1583.3,53.41,131.3,1
299.04,308.27,1321.6,44.33,227.2,1
302.21,311.93,1377.2,29.01,14.8,0
299.86,308.16,1479.0,45.62,159.9,0
298.84,308.75,1387.2,40.06,220.9,0
298.69,310.06,1376.3,42.98,175.6,0
300.86,311.29,1352.0,30.99,130.3,0
302.45,311.83,1473.7,43.09,207.6,0
298.3,307.03,1505.0,25.77,210.8,0
297.89,307.97,1560.2,24.14,145.8,0
298.47,308.61,1549.3,42.04,127.6,0
300.91,311.14,1707.3,51.31,180.4,0
301.08,309.52,1426.8,48.19,224.3,1
297.59,309.48,1299.1,56.81,209.5,1
301.87,311.83,1819.1,41.3,249.4,0
300.9,310.23,1520.1,38.57,149.1,0
300.9,313.37,1483.3,39.0,141.0,0
301.14,311.76,1523.4,40.16,85.6,0
298.24,307.86,1671.2,53.57,25.3,0
304.08,313.68,1807.6,39.24,204.1,1
301.93,313.47,1327.1,36.08,204.5,1
302.82,313.28,1387.6,31.34,12.9,0
299.86,310.56,1679.3,51.15,218.6,1
301.44,313.35,1649.6,48.36,46.5,0
299.93,307.58,1569.3,41.17,82.7,0
300.38,311.98,1580.9,26.9,241.8,1
300.04,308.97,1479.2,36.52,155.2,1
300.99,311.72,1632.4,39.2,75.7,0
299.67,311.3,1513.0,41.16,225.4,0
301.3,310.2,1632.8,48.71,126.0,1
301.75,311.31,1292.9,35.85,215.1,0
298.5,309.78,1353.7,45.62,95.6,0
297.32,306.69,1555.0,47.71,70.0,0
300.74,308.61,1643.9,29.36,102.9,0
300.82,310.65,1403.8,25.05,95.6,1
298.48,307.78,1614.3,35.87,191.8,0
299.08,311.02,1238.0,40.58,18.6,0
299.89,307.81,1385.4,26.38,98.3,0
299.42,309.02,1470.4,38.91,81.5,0
300.4,309.98,1264.9,29.69,31.6,1
298.55,307.81,1503.7,38.98,64.0,1
300.62,310.02,1475.4,29.28,158.0,1
300.79,310.83,1600.3,46.97,88.9,1
298.28,307.75,1715.1,38.8,85.2,0
300.2,311.09,1720.4,38.23,25.4,0
298.53,309.32,1606.0,24.43,225.5,1
303.69,314.67,1390.3,48.4,206.8,1
297.54,307.23,1312.2,32.61,57.2,1
298.32,307.75,1628.5,57.96,162.1,0
302.38,311.69,1530.0,29.57,68.9,0
295.99,306.3,1538.6,41.91,185.6,0
298.89,308.09,1482.0,48.03,235.3,1
301.06,310.93,1532.5,45.75,2.2,0
301.59,311.4,1483.1,41.39,99.8,1
300.55,311.74,1544.9,43.18,226.9,0
298.53,308.48,1331.9,26.54,202.4,0
301.78,312.88,1585.0,27.51,15.5,0
303.96,314.97,1488.6,38.37,212.9,0
299.66,309.42,1674.6,37.43,63.7,0
298.14,307.86,1332.3,47.85,157.2,1
298.92,307.59,1565.2,46.49,38.6,0
303.2,314.55,1488.9,31.17,65.2,0
303.03,312.85,1276.7,33.93,159.5,1
301.05,311.01,1565.1,26.11,175.1,1
299.31,310.51,1330.0,50.77,108.9,0
298.35,309.79,1544.3,32.74,72.8,0
299.83,310.43,1773.1,32.78,191.9,0
297.03,306.9,1392.6,50.89,43.8,1
298.52,308.76,1511.8,42.79,246.5,1
300.24,310.2,1494.2,34.9,20.8,0
295.89,306.03,1676.3,25.75,40.8,0
300.9,312.36,1465.7,47.01,245.7,0
300.81,310.87,1699.2,43.47,140.3,0
300.35,309.96,1623.2,26.15,244.1,0
302.13,311.71,1202.9,36.36,140.3,1
298.76,307.26,1658.7,34.18,231.1,1
299.28,310.82,1339.1,40.12,186.7,1
301.69,311.89,1594.8,32.72,171.2,0
301.73,310.52,1554.0,48.49,77.6,1
299.69,309.57,1437.3,15.3,42.3,0
298.86,309.11,1328.6,41.78,48.9,0
298.31,308.09,1427.9,29.6,82.4,1
299.59,309.71,1540.5,43.08,191.5,0
301.85,311.3,1470.2,38.32,11.2,0
299.67,310.05,1467.9,43.94,226.9,0
302.23,312.22,1480.2,43.4,104.7,0
298.05,309.12,1476.8,40.92,130.9,1
299.26,308.58,1604.7,35.03,48.4,0
301.1,311.68,1261.8,39.93,56.7,1
299.51,309.49,1593.1,40.43,38.7,0
301.02,311.1,1417.6,49.26,222.7,0
299.99,310.69,1341.2,22.05,83.6,0
301.05,309.78,1286.4,63.82,24.0,1
298.95,309.43,1542.0,31.23,99.7,0
299.66,309.13,1585.0,53.37,90.7,0
300.99,309.83,1546.0,48.12,203.2,0
303.62,313.8,1533.3,43.22,227.5,1
301.76,311.61,1642.4,43.12,9.8,0
301.89,312.32,1575.3,29.9,206.2,1
298.57,306.97,1611.0,66.83,9.8,1
298.24,307.42,1571.2,55.81,191.0,1
299.95,309.17,1632.3,35.56,176.9,1
300.64,312.4,1504.3,53.12,135.1,0
300.29,309.9,1631.5,36.33,239.9,0
299.37,309.96,1559.6,30.05,122.0,0
300.58,309.92,1663.3,41.89,152.3,1
296.77,308.79,1590.9,39.5,34.6,1
303.98,313.3,1245.2,34.75,71.8,1
298.6,307.4,1502.3,50.89,60.1,1
298.3,308.05,1471.2,48.45,245.1,1
302.01,311.55,1461.0,38.5,7.9,0
296.81,307.71,1694.8,37.7,62.0,0
301.7,311.23,1694.9,39.71,93.6,0
297.7,307.35,1493.5,42.16,204.7,1
297.57,305.31,1440.6,44.05,55.1,0
302.07,311.4,1280.8,26.88,249.7,0
297.21,306.57,1681.6,44.94,17.4,0
299.2,309.3,1247.7,41.82,76.7,0
301.57,311.51,1547.2,41.52,165.0,1
300.52,311.25,1358.1,26.03,81.6,1
